"","Voyage","Deployment","Acc","Taxa","CAAB","weight_g","Count","sub","comment","Storage_temp","Preservative","Container name","ACat","Taxa_Groups"
"1","in2020_v08",1,10,"Phylum Chaetognatha - undifferentiated",36010000,1,141,NA,NA,"-20 degC",NA,"McCarthy Vial","Chaetognath","Chaetognath"
"2","in2020_v08",2,7,"Phylum Chaetognatha - undifferentiated",36010000,3,99,NA,NA,"-20 degC",NA,"Plastic Bag","Chaetognath","Chaetognath"
"3","in2020_v08",3,3,"Phylum Chaetognatha - undifferentiated",36010000,4,77,NA,NA,"-20 degC",NA,"Plastic Bag","Chaetognath","Chaetognath"
"4","in2020_v08",4,1,"Phylum Chaetognatha - undifferentiated",36010000,13,109,NA,NA,"-20 degC",NA,"Plastic Bag","Chaetognath","Chaetognath"
"5","in2020_v08",5,10,"Phylum Chaetognatha - undifferentiated",36010000,5,95,NA,NA,"-20 degC",NA,"Plastic Bag","Chaetognath","Chaetognath"
"6","in2020_v08",5,27,"Phylum Chaetognatha - undifferentiated",36010000,32,27,"subsample",NA,"-20 degC",NA,"Plastic Bag","Chaetognath","Chaetognath"
"7","in2020_v08",7,57,"Phylum Chaetognatha - undifferentiated",36010000,130,NA,NA,NA,"-20 degC",NA,"Plastic Bag","Chaetognath","Chaetognath"
"8","in2020_v08",8,6,"Phylum Chaetognatha - undifferentiated",36010000,14,154,NA,NA,"-20 degC",NA,"Plastic Bag","Chaetognath","Chaetognath"
"9","in2020_v08",10,4,"Phylum Chaetognatha - undifferentiated",36010000,1,14,NA,NA,"-20 degC",NA,"Plastic Bag","Chaetognath","Chaetognath"
"10","in2020_v08",11,1,"Phylum Chaetognatha - undifferentiated",36010000,396,NA,NA,NA,"-20 degC",NA,"Plastic Bag","Chaetognath","Chaetognath"
"11","in2020_v08",12,12,"Phylum Chaetognatha - undifferentiated",36010000,28,208,NA,NA,"-20 degC",NA,"Plastic Bag","Chaetognath","Chaetognath"
"12","in2020_v08",13,12,"Phylum Chaetognatha - undifferentiated",36010000,39,200,NA,NA,"-20 degC",NA,"Plastic Bag","Chaetognath","Chaetognath"
"13","in2020_v08",14,3,"Phylum Chaetognatha - undifferentiated",36010000,162,100,"24g","kept","-20 degC",NA,"Plastic Bag","Chaetognath","Chaetognath"
"14","in2020_v08",15,23,"Phylum Chaetognatha - undifferentiated",36010000,56,280,"subsample","of","-20 degC",NA,"Plastic Bag","Chaetognath","Chaetognath"
"15","in2020_v08",16,9,"Phylum Chaetognatha - undifferentiated",36010000,12,50,NA,NA,"-20 degC",NA,"Plastic Bag","Chaetognath","Chaetognath"
"16","in2020_v08",17,11,"Phylum Chaetognatha - undifferentiated",36010000,150,500,"some","frozen","-20 degC",NA,"Plastic Bag","Chaetognath","Chaetognath"
"17","in2020_v08",19,3,"Phylum Chaetognatha - undifferentiated",36010000,55,71,NA,NA,"-20 degC",NA,"Plastic Bag","Chaetognath","Chaetognath"
"18","in2020_v08",20,1,"Phylum Chaetognatha - undifferentiated",36010000,29,100,"measured",NA,"-20 degC",NA,"Plastic Bag","Chaetognath","Chaetognath"
"19","in2020_v08",21,17,"Phylum Chaetognatha - undifferentiated",36010000,17,100,NA,NA,"-20 degC",NA,"Plastic Bag","Chaetognath","Chaetognath"
"20","in2020_v08",22,12,"Phylum Chaetognatha - undifferentiated",36010000,230,NA,"measured","100","-20 degC",NA,"Plastic Bag","Chaetognath","Chaetognath"
"21","in2020_v08",23,14,"Phylum Chaetognatha - undifferentiated",36010000,1,49,NA,NA,"-20 degC",NA,"Plastic Bag","Chaetognath","Chaetognath"
"22","in2020_v08",24,7,"Phylum Chaetognatha - undifferentiated",36010000,7,56,NA,NA,"-20 degC",NA,"Plastic Bag","Chaetognath","Chaetognath"
"23","in2020_v08",25,6,"Phylum Chaetognatha - undifferentiated",36010000,15,175,NA,NA,"-20 degC",NA,"Plastic Bag","Chaetognath","Chaetognath"
"24","in2020_v08",27,6,"Phylum Chaetognatha - undifferentiated",36010000,1,31,NA,NA,"-20 degC",NA,"Plastic Bag","Chaetognath","Chaetognath"
"25","in2020_v08",28,9,"Phylum Chaetognatha - undifferentiated",36010000,408,1406,"100","=","-20 degC",NA,NA,"Chaetognath","Chaetognath"
"26","in2020_v08",29,5,"Phylum Chaetognatha - undifferentiated",36010000,10,17,"yellow",NA,"-20 degC",NA,"Plastic Bag","Chaetognath","Chaetognath"
"27","in2020_v08",29,6,"Phylum Chaetognatha - undifferentiated",36010000,90,394,NA,NA,"-20 degC",NA,"Plastic Bag","Chaetognath","Chaetognath"
"28","in2020_v08",30,18,"Phylum Chaetognatha - undifferentiated",36010000,170,816,"120","=","-20 degC",NA,"Plastic Bag","Chaetognath","Chaetognath"
"29","in2020_v08",31,1,"Phylum Chaetognatha - undifferentiated",36010000,1,23,NA,NA,"-20 degC",NA,"Plastic Bag","Chaetognath","Chaetognath"
"30","in2020_v08",32,1,"Phylum Chaetognatha - undifferentiated",36010000,6,64,NA,NA,"-20 degC",NA,"Plastic Bag","Chaetognath","Chaetognath"
"31","in2020_v08",33,3,"Phylum Chaetognatha - undifferentiated",36010000,0.5,8,"<","1","-20 degC",NA,"Plastic Bag","Chaetognath","Chaetognath"
"32","in2020_v08",34,1,"Phylum Chaetognatha - undifferentiated",36010000,3,58,"Clear","chaetognaths","-20 degC",NA,NA,"Chaetognath","Chaetognath"
"33","in2020_v08",34,2,"Phylum Chaetognatha - undifferentiated",36010000,0.5,3,"Yellow","chaetognaths","-20 degC",NA,NA,"Chaetognath","Chaetognath"
"34","in2020_v08",35,11,"Phylum Chaetognatha - undifferentiated",36010000,320,1828,"frozen","a","-20 degC",NA,NA,"Chaetognath","Chaetognath"
"35","in2020_v08",35,17,"Phylum Chaetognatha - undifferentiated",36010000,14,28,"Yellow","chaetognaths.","-20 degC",NA,NA,"Chaetognath","Chaetognath"
"36","in2020_v08",36,1,"Phylum Chaetognatha - undifferentiated",36010000,335,930,"total","weight","-20 degC",NA,NA,"Chaetognath","Chaetognath"
"37","in2020_v08",37,11,"Phylum Chaetognatha - undifferentiated",36010000,4,28,NA,NA,"-20 degC",NA,NA,"Chaetognath","Chaetognath"
"38","in2020_v08",38,1,"Phylum Chaetognatha - undifferentiated",36010000,70,350,NA,NA,"-20 degC",NA,NA,"Chaetognath","Chaetognath"
"39","in2020_v08",40,1,"Phylum Chaetognatha - undifferentiated",36010000,112,1874,NA,NA,"-20 degC",NA,NA,"Chaetognath","Chaetognath"
"40","in2020_v08",41,3,"Phylum Chaetognatha - undifferentiated",36010000,172,537,"This","is","-20 degC",NA,"Plastic Bag","Chaetognath","Chaetognath"
"41","in2020_v08",42,12,"Phylum Chaetognatha - undifferentiated",36010000,4,16,"yellow",NA,"-20 degC",NA,"Plastic Bag","Chaetognath","Chaetognath"
"42","in2020_v08",42,14,"Phylum Chaetognatha - undifferentiated",36010000,360,100,NA,NA,"-20 degC",NA,"Plastic Bag","Chaetognath","Chaetognath"
"43","in2020_v08",44,17,"Phylum Chaetognatha - undifferentiated",36010000,0.5,25,"<","1","-20 degC",NA,"Plastic Bag","Chaetognath","Chaetognath"
"44","in2020_v08",45,4,"Phylum Chaetognatha - undifferentiated",36010000,180,900,"Remainder","was","-20 degC",NA,"Plastic Bag","Chaetognath","Chaetognath"
"45","in2020_v08",46,21,"Phylum Chaetognatha - undifferentiated",36010000,205,1366,NA,NA,"-20 degC",NA,"Plastic Bag","Chaetognath","Chaetognath"
"46","in2020_v08",46,61,"Phylum Chaetognatha - undifferentiated",36010000,0.5,NA,"subsample,","see","-20 degC",NA,"Plastic Bag","Chaetognath","Chaetognath"
"47","in2020_v08",47,11,"Phylum Chaetognatha - undifferentiated",36010000,51,283,"remainder","-","-20 degC",NA,"Plastic Bag","Chaetognath","Chaetognath"
"48","in2020_v08",49,24,"Phylum Chaetognatha - undifferentiated",36010000,18,133,NA,NA,"-20 degC",NA,NA,"Chaetognath","Chaetognath"
"49","in2020_v08",52,11,"Phylum Chaetognatha - undifferentiated",36010000,32,96,NA,NA,"-20 degC",NA,"Plastic Bag","Chaetognath","Chaetognath"
"50","in2020_v08",22,36,"Thetys spp.",35103911,2,1,NA,NA,"-20 degC",NA,"Plastic Bag","Tunicates","Gelatinous"
"51","in2020_v08",1,7,"Salpa spp.",35103908,30,10,NA,NA,"-20 degC",NA,NA,"Tunicates","Gelatinous"
"52","in2020_v08",7,17,"Salpa spp.",35103908,75,39,NA,NA,"-20 degC",NA,"Plastic Bag","Tunicates","Gelatinous"
"53","in2020_v08",7,39,"Salpa spp.",35103908,2,1,NA,NA,"-20 degC",NA,"Plastic Bag","Tunicates","Gelatinous"
"54","in2020_v08",16,22,"Salpa spp.",35103908,0.5,1,NA,NA,"-20 degC",NA,"Plastic Bag","Tunicates","Gelatinous"
"55","in2020_v08",22,42,"Salpa spp.",35103908,10,6,NA,NA,"-20 degC",NA,"Plastic Bag","Tunicates","Gelatinous"
"56","in2020_v08",30,56,"Salpa spp.",35103908,2,4,NA,NA,"-20 degC",NA,"Plastic Bag","Tunicates","Gelatinous"
"57","in2020_v08",36,56,"Salpa spp.",35103908,12,5,"probs","S","-20 degC",NA,NA,"Tunicates","Gelatinous"
"58","in2020_v08",3,4,"Soestia zonaria",35103016,8,2,NA,NA,"-20 degC",NA,"Plastic Bag","Tunicates","Gelatinous"
"59","in2020_v08",5,9,"Soestia zonaria",35103016,18,5,NA,NA,"-20 degC",NA,"Plastic Bag","Tunicates","Gelatinous"
"60","in2020_v08",8,9,"Soestia zonaria",35103016,5,7,NA,NA,"-20 degC",NA,"Plastic Bag","Tunicates","Gelatinous"
"61","in2020_v08",11,9,"Soestia zonaria",35103016,5,25,NA,NA,"-20 degC",NA,"Plastic Bag","Tunicates","Gelatinous"
"62","in2020_v08",13,14,"Soestia zonaria",35103016,2,1,NA,NA,"-20 degC",NA,"Plastic bucket","Tunicates","Gelatinous"
"63","in2020_v08",14,4,"Soestia zonaria",35103016,75,38,NA,NA,"-20 degC",NA,"Plastic Bag","Tunicates","Gelatinous"
"64","in2020_v08",16,12,"Soestia zonaria",35103016,0.5,2,NA,NA,"-20 degC",NA,"Plastic Bag","Tunicates","Gelatinous"
"65","in2020_v08",17,7,"Soestia zonaria",35103016,7,3,NA,NA,"-20 degC",NA,"Plastic Bag","Tunicates","Gelatinous"
"66","in2020_v08",22,43,"Soestia zonaria",35103016,46,10,NA,NA,"-20 degC",NA,"Plastic Bag","Tunicates","Gelatinous"
"67","in2020_v08",23,2,"Salpa fusiformis",35103014,12,12,NA,NA,"-20 degC",NA,"Plastic Bag","Tunicates","Gelatinous"
"68","in2020_v08",24,9,"Salpa fusiformis",35103014,5,3,"aggregate","form","-20 degC",NA,"Plastic Bag","Tunicates","Gelatinous"
"69","in2020_v08",28,35,"Salpa fusiformis",35103014,35,9,NA,NA,"-20 degC",NA,NA,"Tunicates","Gelatinous"
"70","in2020_v08",29,55,"Salpa fusiformis",35103014,12,4,NA,NA,"-20 degC",NA,"Plastic Bag","Tunicates","Gelatinous"
"71","in2020_v08",30,42,"Salpa fusiformis",35103014,70,40,"aggregate","form","-20 degC",NA,"Plastic Bag","Tunicates","Gelatinous"
"72","in2020_v08",31,3,"Salpa fusiformis",35103014,28,18,"aggregate",NA,"-20 degC",NA,"Plastic Bag","Tunicates","Gelatinous"
"73","in2020_v08",32,3,"Salpa fusiformis",35103014,110,36,NA,NA,"-20 degC",NA,"Plastic Bag","Tunicates","Gelatinous"
"74","in2020_v08",33,2,"Salpa fusiformis",35103014,36,37,NA,NA,"-20 degC",NA,"Plastic Bag","Tunicates","Gelatinous"
"75","in2020_v08",34,7,"Salpa fusiformis",35103014,30,13,NA,NA,"-20 degC",NA,NA,"Tunicates","Gelatinous"
"76","in2020_v08",35,46,"Salpa fusiformis",35103014,85,18,NA,NA,"-20 degC",NA,NA,"Tunicates","Gelatinous"
"77","in2020_v08",36,52,"Salpa fusiformis",35103014,2,4,NA,NA,"-20 degC",NA,NA,"Tunicates","Gelatinous"
"78","in2020_v08",37,9,"Salpa fusiformis",35103014,60,27,"See","#35","-20 degC",NA,NA,"Tunicates","Gelatinous"
"79","in2020_v08",38,7,"Salpa fusiformis",35103014,107,27,NA,NA,"-20 degC",NA,NA,"Tunicates","Gelatinous"
"80","in2020_v08",39,4,"Salpa fusiformis",35103014,216,133,"aggregate",NA,"-20 degC",NA,NA,"Tunicates","Gelatinous"
"81","in2020_v08",40,5,"Salpa fusiformis",35103014,19,22,NA,NA,"-20 degC",NA,NA,"Tunicates","Gelatinous"
"82","in2020_v08",41,24,"Salpa fusiformis",35103014,0.5,1,"<","1","-20 degC",NA,"Plastic Bag","Tunicates","Gelatinous"
"83","in2020_v08",42,33,"Salpa fusiformis",35103014,45,10,NA,NA,"-20 degC",NA,"Plastic Bag","Tunicates","Gelatinous"
"84","in2020_v08",44,15,"Salpa fusiformis",35103014,125,65,NA,NA,"-20 degC",NA,"Plastic Bag","Tunicates","Gelatinous"
"85","in2020_v08",45,7,"Salpa fusiformis",35103014,30,10,NA,NA,"-20 degC",NA,"Plastic Bag","Tunicates","Gelatinous"
"86","in2020_v08",46,39,"Salpa fusiformis",35103014,80,23,NA,NA,"-20 degC",NA,"Plastic Bag","Tunicates","Gelatinous"
"87","in2020_v08",24,10,"Ritteriella amboinensis",35103012,27,11,"solitary","-","-20 degC",NA,"Plastic Bag","Tunicates","Gelatinous"
"88","in2020_v08",15,11,"Cyclosalpa bakeri",35103002,207,11,"gooey","salp","-20 degC",NA,"Plastic Bag","Tunicates","Gelatinous"
"89","in2020_v08",10,15,"Salpidae - undifferentiated",35103000,40,12,NA,NA,"-20 degC",NA,"Plastic Bag","Tunicates","Gelatinous"
"90","in2020_v08",11,10,"Salpidae - undifferentiated",35103000,150,33,"sp.","1","-20 degC",NA,"Plastic Bag","Tunicates","Gelatinous"
"91","in2020_v08",11,13,"Salpidae - undifferentiated",35103000,90,4,"sp.","3","-20 degC",NA,"Plastic Bag","Tunicates","Gelatinous"
"92","in2020_v08",2,1,"Pyrosoma atlanticum",35101001,23,1,NA,NA,"-20 degC",NA,NA,"Tunicates","Gelatinous"
"93","in2020_v08",3,14,"Pyrosoma atlanticum",35101001,4989,31,"subsample","of","-20 degC",NA,"Plastic Bag","Tunicates","Gelatinous"
"94","in2020_v08",4,2,"Pyrosoma atlanticum",35101001,491,3,NA,NA,"-20 degC",NA,"Plastic Bag","Tunicates","Gelatinous"
"95","in2020_v08",5,21,"Pyrosoma atlanticum",35101001,5419,13,NA,NA,"-20 degC",NA,"Plastic Bag","Tunicates","Gelatinous"
"96","in2020_v08",6,5,"Pyrosoma atlanticum",35101001,567,2,NA,NA,"-20 degC",NA,"Plastic Bag","Tunicates","Gelatinous"
"97","in2020_v08",10,1,"Pyrosoma atlanticum",35101001,3591,20,NA,NA,"-20 degC",NA,"Plastic Bag","Tunicates","Gelatinous"
"98","in2020_v08",26,27,"Pasiphaea spp.",28745901,1,1,NA,NA,"-20 degC",NA,"Plastic Bag","Prawn","Crustacean"
"99","in2020_v08",28,38,"Pasiphaea spp.",28745901,3,7,NA,NA,"-20 degC",NA,NA,"Prawn","Crustacean"
"100","in2020_v08",29,38,"Pasiphaea spp.",28745901,10,4,NA,NA,"-20 degC",NA,"Plastic Bag","Prawn","Crustacean"
"101","in2020_v08",29,73,"Pasiphaea spp.",28745901,0.5,8,"small","-","-20 degC",NA,"Plastic Bag","Prawn","Crustacean"
"102","in2020_v08",30,27,"Pasiphaea spp.",28745901,1,2,NA,NA,"-20 degC",NA,"Plastic Bag","Prawn","Crustacean"
"103","in2020_v08",35,62,"Pasiphaea spp.",28745901,4,6,NA,NA,"-20 degC",NA,NA,"Prawn","Crustacean"
"104","in2020_v08",36,25,"Pasiphaea spp.",28745901,4,3,NA,NA,"-20 degC",NA,NA,"Prawn","Crustacean"
"105","in2020_v08",36,33,"Pasiphaea spp.",28745901,1,4,NA,NA,"-20 degC",NA,NA,"Prawn","Crustacean"
"106","in2020_v08",40,15,"Pasiphaea spp.",28745901,4,4,NA,NA,"-20 degC",NA,NA,"Prawn","Crustacean"
"107","in2020_v08",41,46,"Pasiphaea spp.",28745901,1,5,NA,NA,"-20 degC",NA,"Plastic Bag","Prawn","Crustacean"
"108","in2020_v08",42,7,"Pasiphaea spp.",28745901,2,3,NA,NA,"-20 degC",NA,"Plastic Bag","Prawn","Crustacean"
"109","in2020_v08",46,12,"Pasiphaea spp.",28745901,1,3,NA,NA,"-20 degC",NA,"Plastic Bag","Prawn","Crustacean"
"110","in2020_v08",47,32,"Pasiphaea spp.",28745901,1,1,NA,NA,"-20 degC",NA,"Plastic Bag","Prawn","Crustacean"
"111","in2020_v08",52,1,"Pasiphaea spp.",28745901,1,2,NA,NA,"-20 degC",NA,"Plastic Bag","Prawn","Crustacean"
"112","in2020_v08",1,28,"Acanthephyra spp.",28735901,0.5,2,NA,NA,"-20 degC",NA,"Plastic Bag","Prawn","Crustacean"
"113","in2020_v08",7,24,"Acanthephyra spp.",28735901,5,9,NA,NA,"-20 degC",NA,"Plastic Bag","Prawn","Crustacean"
"114","in2020_v08",12,14,"Acanthephyra spp.",28735901,3,6,NA,NA,"-20 degC",NA,"Plastic Bag","Prawn","Crustacean"
"115","in2020_v08",18,13,"Acanthephyra spp.",28735901,1,2,NA,NA,"-20 degC",NA,"Plastic Bag","Prawn","Crustacean"
"116","in2020_v08",21,30,"Acanthephyra spp.",28735901,0.5,1,NA,NA,"-20 degC",NA,"Plastic Bag","Prawn","Crustacean"
"117","in2020_v08",29,39,"Acanthephyra spp.",28735901,0.5,1,NA,NA,"-20 degC",NA,"Plastic Bag","Prawn","Crustacean"
"118","in2020_v08",1,17,"Notostomus auriculatus",28735028,0.5,1,NA,NA,"-20 degC",NA,"Plastic Bag","Prawn","Crustacean"
"119","in2020_v08",12,9,"Notostomus auriculatus",28735028,9,2,NA,NA,"-20 degC",NA,"Plastic Bag","Prawn","Crustacean"
"120","in2020_v08",22,6,"Notostomus auriculatus",28735028,5,2,NA,NA,"-20 degC",NA,"Plastic Bag","Prawn","Crustacean"
"121","in2020_v08",28,7,"Notostomus auriculatus",28735028,20,1,NA,NA,"-20 degC",NA,NA,"Prawn","Crustacean"
"122","in2020_v08",1,16,"Acanthephyra quadrispinosa",28735007,6,9,NA,NA,"-20 degC",NA,"Plastic Bag","Prawn","Crustacean"
"123","in2020_v08",6,9,"Acanthephyra quadrispinosa",28735007,0.5,1,NA,NA,"-20 degC",NA,"Plastic Bag","Prawn","Crustacean"
"124","in2020_v08",7,22,"Acanthephyra quadrispinosa",28735007,28,7,NA,NA,"-20 degC",NA,"Plastic Bag","Prawn","Crustacean"
"125","in2020_v08",12,16,"Acanthephyra quadrispinosa",28735007,3,1,NA,NA,"-20 degC",NA,"Plastic Bag","Prawn","Crustacean"
"126","in2020_v08",13,7,"Acanthephyra quadrispinosa",28735007,9,2,NA,NA,"-20 degC",NA,"Plastic Bag","Prawn","Crustacean"
"127","in2020_v08",14,6,"Acanthephyra quadrispinosa",28735007,30,9,NA,NA,"-20 degC",NA,"Plastic Bag","Prawn","Crustacean"
"128","in2020_v08",22,3,"Acanthephyra quadrispinosa",28735007,45,24,NA,NA,"-20 degC",NA,"Plastic Bag","Prawn","Crustacean"
"129","in2020_v08",28,6,"Acanthephyra quadrispinosa",28735007,28,5,NA,NA,"-20 degC",NA,NA,"Prawn","Crustacean"
"130","in2020_v08",29,36,"Acanthephyra quadrispinosa",28735007,20,5,NA,NA,"-20 degC",NA,"Plastic Bag","Prawn","Crustacean"
"131","in2020_v08",30,35,"Acanthephyra quadrispinosa",28735007,55,11,NA,NA,"-20 degC",NA,"Plastic Bag","Prawn","Crustacean"
"132","in2020_v08",35,18,"Acanthephyra quadrispinosa",28735007,7,2,NA,NA,"-20 degC",NA,NA,"Prawn","Crustacean"
"133","in2020_v08",36,35,"Acanthephyra quadrispinosa",28735007,29,6,NA,NA,"-20 degC",NA,NA,"Prawn","Crustacean"
"134","in2020_v08",41,42,"Acanthephyra quadrispinosa",28735007,28,3,NA,NA,"-20 degC",NA,"Plastic Bag","Prawn","Crustacean"
"135","in2020_v08",46,9,"Acanthephyra quadrispinosa",28735007,14,2,"individually","weighed","-20 degC",NA,"Plastic Bag","Prawn","Crustacean"
"136","in2020_v08",47,33,"Acanthephyra quadrispinosa",28735007,6,1,NA,NA,"-20 degC",NA,"Plastic Bag","Prawn","Crustacean"
"137","in2020_v08",52,2,"Acanthephyra quadrispinosa",28735007,10,1,NA,NA,"-20 degC",NA,"Plastic Bag","Prawn","Crustacean"
"138","in2020_v08",53,4,"Acanthephyra quadrispinosa",28735007,3,1,NA,NA,"-20 degC",NA,"Plastic Bag","Prawn","Crustacean"
"139","in2020_v08",7,23,"Oplophorus novaezeelandiae",28734003,3,1,NA,NA,"-20 degC",NA,"Plastic Bag","Prawn","Crustacean"
"140","in2020_v08",1,19,"Sergestes spp.",28720906,6,12,NA,NA,"-20 degC",NA,"Plastic Bag","Prawn","Crustacean"
"141","in2020_v08",7,12,"Sergestes spp.",28720906,7,19,"pink",NA,"-20 degC",NA,"Plastic Bag","Prawn","Crustacean"
"142","in2020_v08",7,35,"Sergestes spp.",28720906,0.5,18,"red",NA,"-20 degC",NA,"Plastic Bag","Prawn","Crustacean"
"143","in2020_v08",11,18,"Sergestes spp.",28720906,1,1,NA,NA,"-20 degC",NA,"Plastic Bag","Prawn","Crustacean"
"144","in2020_v08",12,13,"Sergestes spp.",28720906,1,2,NA,NA,"-20 degC",NA,"Plastic Bag","Prawn","Crustacean"
"145","in2020_v08",13,6,"Sergestes spp.",28720906,0.5,6,NA,NA,"-20 degC",NA,"Plastic Bag","Prawn","Crustacean"
"146","in2020_v08",14,5,"Sergestes spp.",28720906,10,15,NA,NA,"-20 degC",NA,"Plastic Bag","Prawn","Crustacean"
"147","in2020_v08",17,13,"Sergestes spp.",28720906,5,3,NA,NA,"-20 degC",NA,"Plastic Bag","Prawn","Crustacean"
"148","in2020_v08",18,10,"Sergestes spp.",28720906,1,2,NA,NA,"-20 degC",NA,"Plastic Bag","Prawn","Crustacean"
"149","in2020_v08",22,4,"Sergestes spp.",28720906,8,16,NA,NA,"-20 degC",NA,"Plastic Bag","Prawn","Crustacean"
"150","in2020_v08",22,14,"Sergestes spp.",28720906,2,19,"red",NA,"-20 degC",NA,"Plastic Bag","Prawn","Crustacean"
"151","in2020_v08",28,37,"Sergestes spp.",28720906,10,25,"Pink",NA,"-20 degC",NA,NA,"Prawn","Crustacean"
"152","in2020_v08",28,50,"Sergestes spp.",28720906,2,12,NA,NA,"-20 degC",NA,NA,"Prawn","Crustacean"
"153","in2020_v08",29,34,"Sergestes spp.",28720906,9,19,"pink",NA,"-20 degC",NA,"Plastic Bag","Prawn","Crustacean"
"154","in2020_v08",30,33,"Sergestes spp.",28720906,2,9,NA,NA,"-20 degC",NA,"Plastic Bag","Prawn","Crustacean"
"155","in2020_v08",30,46,"Sergestes spp.",28720906,17,40,NA,NA,"-20 degC",NA,"Plastic Bag","Prawn","Crustacean"
"156","in2020_v08",35,21,"Sergestes spp.",28720906,10,10,"pink",NA,"-20 degC",NA,NA,"Prawn","Crustacean"
"157","in2020_v08",36,30,"Sergestes spp.",28720906,2,13,"red/orange",NA,"-20 degC",NA,NA,"Prawn","Crustacean"
"158","in2020_v08",36,42,"Sergestes spp.",28720906,5,17,"pink",NA,"-20 degC",NA,NA,"Prawn","Crustacean"
"159","in2020_v08",41,41,"Sergestes spp.",28720906,2,2,"pink",NA,"-20 degC",NA,"Plastic Bag","Prawn","Crustacean"
"160","in2020_v08",42,15,"Sergestes spp.",28720906,0.5,1,"pink",NA,"-20 degC",NA,"Plastic Bag","Prawn","Crustacean"
"161","in2020_v08",1,18,"Phorcosergia potens",28720020,5,3,NA,NA,"-20 degC",NA,"Plastic Bag","Prawn","Crustacean"
"162","in2020_v08",7,21,"Phorcosergia potens",28720020,19,45,NA,NA,"-20 degC",NA,"Plastic Bag","Prawn","Crustacean"
"163","in2020_v08",12,11,"Phorcosergia potens",28720020,3,4,NA,NA,"-20 degC",NA,"Plastic Bag","Prawn","Crustacean"
"164","in2020_v08",13,5,"Phorcosergia potens",28720020,32,3,"Weight","is","-20 degC",NA,"Plastic Bag","Prawn","Crustacean"
"165","in2020_v08",14,7,"Phorcosergia potens",28720020,4,18,NA,NA,"-20 degC",NA,"Plastic Bag","Prawn","Crustacean"
"166","in2020_v08",18,17,"Phorcosergia potens",28720020,2,12,NA,NA,"-20 degC",NA,"Plastic Bag","Prawn","Crustacean"
"167","in2020_v08",22,5,"Phorcosergia potens",28720020,20,30,NA,NA,"-20 degC",NA,"Plastic Bag","Prawn","Crustacean"
"168","in2020_v08",29,35,"Phorcosergia potens",28720020,60,115,NA,NA,"-20 degC",NA,"Plastic Bag","Prawn","Crustacean"
"169","in2020_v08",1,38,"Gennadas spp.",28713903,5,29,"purple","legs","-20 degC",NA,"Plastic Bag","Prawn","Crustacean"
"170","in2020_v08",26,11,"Gennadas spp.",28713903,0.5,3,"<","1","-20 degC",NA,"Plastic Bag","Prawn","Crustacean"
"171","in2020_v08",28,4,"Gennadas spp.",28713903,45,93,NA,NA,"-20 degC",NA,NA,"Prawn","Crustacean"
"172","in2020_v08",28,5,"Gennadas spp.",28713903,45,16,NA,NA,"-20 degC",NA,NA,"Prawn","Crustacean"
"173","in2020_v08",35,36,"Gennadas spp.",28713903,16,36,NA,NA,"-20 degC",NA,NA,"Prawn","Crustacean"
"174","in2020_v08",36,38,"Gennadas spp.",28713903,30,74,NA,NA,"-20 degC",NA,NA,"Prawn","Crustacean"
"175","in2020_v08",41,16,"Gennadas spp.",28713903,60,64,NA,NA,"-20 degC",NA,"Plastic Bag","Prawn","Crustacean"
"176","in2020_v08",42,6,"Gennadas spp.",28713903,32,38,NA,NA,"-20 degC",NA,"Plastic Bag","Prawn","Crustacean"
"177","in2020_v08",46,10,"Gennadas spp.",28713903,83,80,NA,NA,"-20 degC",NA,"Plastic Bag","Prawn","Crustacean"
"178","in2020_v08",47,5,"Gennadas spp.",28713903,25,33,NA,NA,"-20 degC",NA,"Plastic Bag","Prawn","Crustacean"
"179","in2020_v08",52,4,"Gennadas spp.",28713903,36,53,NA,NA,"-20 degC",NA,"Plastic Bag","Prawn","Crustacean"
"180","in2020_v08",30,30,"Gennadas gilchristi",28713007,5,10,NA,NA,"-20 degC",NA,"Plastic Bag","Prawn","Crustacean"
"181","in2020_v08",12,31,"Thysanoessa spp.",28702907,1,19,NA,NA,"-20 degC",NA,"Plastic Bag","Krill","Crustacean"
"182","in2020_v08",13,48,"Thysanoessa spp.",28702907,NA,4,NA,NA,"-20 degC",NA,"Plastic Bag","Krill","Crustacean"
"183","in2020_v08",15,30,"Thysanoessa spp.",28702907,0.5,9,"<","1","-20 degC",NA,"Plastic Bag","Krill","Crustacean"
"184","in2020_v08",16,8,"Thysanoessa spp.",28702907,0.5,7,NA,NA,"-20 degC",NA,"Plastic Bag","Krill","Crustacean"
"185","in2020_v08",17,45,"Thysanoessa spp.",28702907,24,400,NA,NA,"-20 degC",NA,"Plastic Bag","Krill","Crustacean"
"186","in2020_v08",18,36,"Thysanoessa spp.",28702907,1,32,NA,NA,"-20 degC",NA,"Plastic Bag","Krill","Crustacean"
"187","in2020_v08",21,29,"Thysanoessa spp.",28702907,0.5,8,NA,NA,"-20 degC",NA,"Plastic Bag","Krill","Crustacean"
"188","in2020_v08",7,32,"Stylocheiron spp.",28702906,0.5,12,NA,NA,"-20 degC",NA,"Plastic Bag","Krill","Crustacean"
"189","in2020_v08",16,21,"Stylocheiron spp.",28702906,0.5,1,NA,NA,"-20 degC",NA,"Plastic Bag","Krill","Crustacean"
"190","in2020_v08",18,32,"Stylocheiron spp.",28702906,1,10,NA,NA,"-20 degC",NA,"Plastic Bag","Krill","Crustacean"
"191","in2020_v08",1,27,"Nematoscelis spp.",28702903,2,27,NA,NA,"-20 degC",NA,"Plastic Bag","Krill","Crustacean"
"192","in2020_v08",5,13,"Nematoscelis spp.",28702903,8,173,"8g","wet","-20 degC",NA,"Plastic Bag","Krill","Crustacean"
"193","in2020_v08",7,33,"Nematobrachion spp.",28702902,1,17,NA,NA,"-20 degC",NA,"Plastic Bag","Krill","Crustacean"
"194","in2020_v08",13,49,"Nematobrachion spp.",28702902,NA,7,NA,NA,"-20 degC",NA,"Plastic Bag","Krill","Crustacean"
"195","in2020_v08",18,34,"Nematobrachion spp.",28702902,0.5,7,NA,NA,"-20 degC",NA,"Plastic Bag","Krill","Crustacean"
"196","in2020_v08",6,16,"Euphausia spp.",28702901,0.5,21,NA,NA,"-20 degC",NA,"Plastic Bag","Krill","Crustacean"
"197","in2020_v08",11,31,"Euphausia spp.",28702901,35,NA,"lengths","not","-20 degC",NA,"Plastic Bag","Krill","Crustacean"
"198","in2020_v08",12,34,"Euphausia spp.",28702901,0.5,26,NA,NA,"-20 degC",NA,"Plastic Bag","Krill","Crustacean"
"199","in2020_v08",14,25,"Euphausia spp.",28702901,0.5,4,"<","1","-20 degC",NA,"Plastic Bag","Krill","Crustacean"
"200","in2020_v08",19,9,"Euphausia spp.",28702901,10,1,NA,NA,"-20 degC",NA,"Plastic Bag","Krill","Crustacean"
"201","in2020_v08",20,9,"Euphausia spp.",28702901,1,2,NA,NA,"-20 degC",NA,"Plastic Bag","Krill","Crustacean"
"202","in2020_v08",23,15,"Euphausia spp.",28702901,0.5,5,NA,NA,"-20 degC",NA,"Plastic Bag","Krill","Crustacean"
"203","in2020_v08",30,19,"Euphausia spp.",28702901,1,13,NA,NA,"-20 degC",NA,"Plastic Bag","Krill","Crustacean"
"204","in2020_v08",33,6,"Euphausia spp.",28702901,0.5,1,"<","1","-20 degC",NA,"Plastic Bag","Krill","Crustacean"
"205","in2020_v08",25,1,"Thysanoessa macrura",28702052,0.5,31,"wet","weight","-20 degC",NA,"Plastic Bag","Krill","Crustacean"
"206","in2020_v08",27,20,"Thysanoessa macrura",28702052,0.5,48,"See","#","-20 degC",NA,NA,"Krill","Crustacean"
"207","in2020_v08",29,49,"Thysanoessa macrura",28702052,0.5,46,NA,NA,"-20 degC",NA,"Plastic Bag","Krill","Crustacean"
"208","in2020_v08",31,22,"Thysanoessa macrura",28702052,0.5,3,"<","1","-20 degC",NA,"Plastic Bag","Krill","Crustacean"
"209","in2020_v08",34,33,"Thysanoessa macrura",28702052,1,44,"See","#35","-20 degC",NA,NA,"Krill","Crustacean"
"210","in2020_v08",35,20,"Thysanoessa macrura",28702052,10,24,NA,NA,"-20 degC",NA,NA,"Krill","Crustacean"
"211","in2020_v08",37,40,"Thysanoessa macrura",28702052,15,176,NA,NA,"-20 degC",NA,NA,"Krill","Crustacean"
"212","in2020_v08",38,21,"Thysanoessa macrura",28702052,0.5,10,NA,NA,"-20 degC",NA,NA,"Krill","Crustacean"
"213","in2020_v08",40,27,"Thysanoessa macrura",28702052,2,79,NA,NA,"-20 degC",NA,NA,"Krill","Crustacean"
"214","in2020_v08",40,28,"Thysanoessa macrura",28702052,1,38,"big","eye","-20 degC",NA,NA,"Krill","Crustacean"
"215","in2020_v08",42,31,"Thysanoessa macrura",28702052,5,150,NA,NA,"-20 degC",NA,"Plastic Bag","Krill","Crustacean"
"216","in2020_v08",46,53,"Thysanoessa macrura",28702052,4,89,NA,NA,"-20 degC",NA,"Plastic Bag","Krill","Crustacean"
"217","in2020_v08",49,23,"Thysanoessa macrura",28702052,4,137,NA,NA,"-20 degC",NA,NA,"Krill","Crustacean"
"218","in2020_v08",25,25,"Euphausia triacantha",28702043,27,135,"whole","sample;","-20 degC",NA,"Plastic Bag","Krill","Crustacean"
"219","in2020_v08",27,3,"Euphausia triacantha",28702043,19,142,"See","#22","-20 degC",NA,NA,"Krill","Crustacean"
"220","in2020_v08",30,20,"Euphausia triacantha",28702043,14,70,NA,NA,"-20 degC",NA,"Plastic Bag","Krill","Crustacean"
"221","in2020_v08",31,12,"Euphausia triacantha",28702043,1,4,NA,NA,"-20 degC",NA,"Plastic Bag","Krill","Crustacean"
"222","in2020_v08",32,9,"Euphausia triacantha",28702043,0.5,2,"<","1","-20 degC",NA,"Plastic Bag","Krill","Crustacean"
"223","in2020_v08",34,10,"Euphausia triacantha",28702043,3,21,NA,NA,"-20 degC",NA,NA,"Krill","Crustacean"
"224","in2020_v08",35,19,"Euphausia triacantha",28702043,11,25,NA,NA,"-20 degC",NA,NA,"Krill","Crustacean"
"225","in2020_v08",36,48,"Euphausia triacantha",28702043,18,104,NA,NA,"-20 degC",NA,NA,"Krill","Crustacean"
"226","in2020_v08",37,7,"Euphausia triacantha",28702043,82,393,"See","#38","-20 degC",NA,NA,"Krill","Crustacean"
"227","in2020_v08",38,18,"Euphausia triacantha",28702043,8,31,NA,NA,"-20 degC",NA,NA,"Krill","Crustacean"
"228","in2020_v08",40,14,"Euphausia triacantha",28702043,15,56,NA,NA,"-20 degC",NA,NA,"Krill","Crustacean"
"229","in2020_v08",41,45,"Euphausia triacantha",28702043,45,180,"This","is","-20 degC",NA,"Plastic Bag","Krill","Crustacean"
"230","in2020_v08",42,10,"Euphausia triacantha",28702043,2,10,NA,NA,"-20 degC",NA,"Plastic Bag","Krill","Crustacean"
"231","in2020_v08",45,5,"Euphausia triacantha",28702043,27,207,"remainder","of","-20 degC",NA,"Plastic Bag","Krill","Crustacean"
"232","in2020_v08",46,20,"Euphausia triacantha",28702043,28,140,NA,NA,"-20 degC",NA,"Plastic Bag","Krill","Crustacean"
"233","in2020_v08",47,16,"Euphausia triacantha",28702043,4,16,NA,NA,"-20 degC",NA,"Plastic Bag","Krill","Crustacean"
"234","in2020_v08",49,10,"Euphausia triacantha",28702043,140,570,"See","#11","-20 degC",NA,NA,"Krill","Crustacean"
"235","in2020_v08",52,10,"Euphausia triacantha",28702043,0.5,3,"<","1","-20 degC",NA,"Plastic Bag","Krill","Crustacean"
"236","in2020_v08",3,9,"Nematoscelis megalops",28702015,1,22,NA,NA,"-20 degC",NA,"Plastic Bag","Krill","Crustacean"
"237","in2020_v08",6,22,"Nematoscelis megalops",28702015,0.5,7,NA,NA,"-20 degC",NA,"Plastic Bag","Krill","Crustacean"
"238","in2020_v08",12,26,"Nematoscelis megalops",28702015,1,7,NA,NA,"-20 degC",NA,"Plastic Bag","Krill","Crustacean"
"239","in2020_v08",13,8,"Nematoscelis megalops",28702015,0.5,4,"less","than","-20 degC",NA,"Plastic Bag","Krill","Crustacean"
"240","in2020_v08",21,37,"Nematoscelis megalops",28702015,0.5,1,NA,NA,"-20 degC","Ethanol 70%","Plastic Bag","Krill","Crustacean"
"241","in2020_v08",21,27,"Nematobrachion boopis",28702011,1,5,NA,NA,"-20 degC",NA,"Plastic Bag","Krill","Crustacean"
"242","in2020_v08",13,42,"Euphausia similis similis",28702007,1,23,NA,NA,"-20 degC",NA,"Plastic Bag","Krill","Crustacean"
"243","in2020_v08",16,4,"Euphausia similis similis",28702007,1,10,NA,NA,"-20 degC",NA,"Plastic Bag","Krill","Crustacean"
"244","in2020_v08",17,46,"Euphausia similis similis",28702007,4,130,NA,NA,"-20 degC",NA,"Plastic Bag","Krill","Crustacean"
"245","in2020_v08",18,33,"Euphausia similis similis",28702007,3,50,NA,NA,"-20 degC",NA,"Plastic Bag","Krill","Crustacean"
"246","in2020_v08",21,33,"Euphausia similis similis",28702007,0.5,9,NA,NA,"-20 degC",NA,"Plastic Bag","Krill","Crustacean"
"247","in2020_v08",25,30,"Euphausia similis similis",28702007,0.5,45,"wet","weight","-20 degC",NA,"Plastic Bag","Krill","Crustacean"
"248","in2020_v08",27,4,"Euphausia similis similis",28702007,25,183,"See","#33","-20 degC",NA,"Plastic Bag","Krill","Crustacean"
"249","in2020_v08",31,21,"Euphausia similis similis",28702007,0.5,4,NA,NA,"-20 degC",NA,"Plastic Bag","Krill","Crustacean"
"250","in2020_v08",37,32,"Euphausia similis similis",28702007,28,448,"See","#","-20 degC",NA,NA,"Krill","Crustacean"
"251","in2020_v08",38,20,"Euphausia similis similis",28702007,0.5,68,"E.","similis-like.","-20 degC",NA,NA,"Krill","Crustacean"
"252","in2020_v08",40,38,"Euphausia similis similis",28702007,1,41,"E.","similis","-20 degC",NA,NA,"Krill","Crustacean"
"253","in2020_v08",49,20,"Euphausia similis similis",28702007,67,403,"E.","similis-like","-20 degC",NA,NA,"Krill","Crustacean"
"254","in2020_v08",7,58,"Euphausiidae - undifferentiated",28702000,2,13,"was","35","-20 degC",NA,"Plastic Bag","Krill","Crustacean"
"255","in2020_v08",22,41,"Euphausiidae - undifferentiated",28702000,8,65,NA,NA,"-20 degC",NA,"Plastic Bag","Krill","Crustacean"
"256","in2020_v08",28,51,"Euphausiidae - undifferentiated",28702000,50,48,"Subsample",NA,"-20 degC",NA,NA,"Krill","Crustacean"
"257","in2020_v08",4,10,"Order Euphausiacea - undifferentiated",28700000,5,33,NA,NA,"-20 degC",NA,"Plastic Bag","Krill","Crustacean"
"258","in2020_v08",11,20,"Order Euphausiacea - undifferentiated",28700000,30,NA,NA,NA,"-20 degC",NA,"Plastic Bag","Krill","Crustacean"
"259","in2020_v08",14,24,"Order Euphausiacea - undifferentiated",28700000,9,28,NA,NA,"-20 degC",NA,"Plastic Bag","Krill","Crustacean"
"260","in2020_v08",19,10,"Order Euphausiacea - undifferentiated",28700000,1,11,NA,NA,"-20 degC",NA,"Plastic Bag","Krill","Crustacean"
"261","in2020_v08",20,12,"Order Euphausiacea - undifferentiated",28700000,0.5,10,NA,NA,"-20 degC",NA,"Plastic Bag","Krill","Crustacean"
"262","in2020_v08",24,5,"Order Euphausiacea - undifferentiated",28700000,0.5,6,NA,NA,"-20 degC",NA,"Plastic Bag","Krill","Crustacean"
"263","in2020_v08",36,45,"Order Euphausiacea - undifferentiated",28700000,6,98,NA,NA,"-20 degC",NA,NA,"Krill","Crustacean"
"264","in2020_v08",41,48,"Order Euphausiacea - undifferentiated",28700000,1,52,NA,NA,"-20 degC",NA,"Plastic Bag","Krill","Crustacean"
"265","in2020_v08",45,10,"Order Euphausiacea - undifferentiated",28700000,4,179,"179","measured,","-20 degC",NA,"Plastic Bag","Krill","Crustacean"
"266","in2020_v08",47,17,"Order Euphausiacea - undifferentiated",28700000,0.5,5,NA,NA,"-20 degC",NA,"Plastic Bag","Krill","Crustacean"
"267","in2020_v08",6,19,"Primno spp.",28573903,0.5,14,NA,NA,"-20 degC",NA,"Plastic Bag","Amphipods","Crustacean"
"268","in2020_v08",7,49,"Primno spp.",28573903,0.5,17,NA,NA,"-20 degC",NA,"Plastic Bag","Amphipods","Crustacean"
"269","in2020_v08",14,14,"Primno spp.",28573903,0.5,19,"<","1","-20 degC",NA,"Plastic Bag","Amphipods","Crustacean"
"270","in2020_v08",19,7,"Primno spp.",28573903,10,1,NA,NA,"-20 degC",NA,"Plastic Bag","Amphipods","Crustacean"
"271","in2020_v08",22,17,"Primno spp.",28573903,2,21,NA,NA,"-20 degC",NA,"Plastic Bag","Amphipods","Crustacean"
"272","in2020_v08",28,42,"Primno spp.",28573903,0.5,4,NA,NA,"-20 degC",NA,NA,"Amphipods","Crustacean"
"273","in2020_v08",30,14,"Primno spp.",28573903,0.5,3,"<","1","-20 degC",NA,"Plastic Bag","Amphipods","Crustacean"
"274","in2020_v08",36,29,"Primno spp.",28573903,0.5,5,NA,NA,"-20 degC",NA,NA,"Amphipods","Crustacean"
"275","in2020_v08",41,32,"Primno spp.",28573903,0.5,2,"<","1","-20 degC",NA,"Plastic Bag","Amphipods","Crustacean"
"276","in2020_v08",44,7,"Primno spp.",28573903,0.5,2,"<","1","-20 degC",NA,"Plastic Bag","Amphipods","Crustacean"
"277","in2020_v08",4,9,"Phronima spp.",28572901,0.5,2,NA,NA,"-20 degC",NA,"Plastic Bag","Amphipods","Crustacean"
"278","in2020_v08",5,5,"Phronima spp.",28572901,0.5,5,NA,NA,"-20 degC",NA,"Plastic Bag","Amphipods","Crustacean"
"279","in2020_v08",10,7,"Phronima spp.",28572901,1,6,NA,NA,"-20 degC",NA,"Plastic Bag","Amphipods","Crustacean"
"280","in2020_v08",16,7,"Phronima spp.",28572901,2,11,NA,NA,"-20 degC",NA,"Plastic Bag","Amphipods","Crustacean"
"281","in2020_v08",19,8,"Phronima spp.",28572901,0.5,2,NA,NA,"-20 degC",NA,"Plastic Bag","Amphipods","Crustacean"
"282","in2020_v08",20,5,"Phronima spp.",28572901,0.5,2,NA,NA,"-20 degC",NA,"Plastic Bag","Amphipods","Crustacean"
"283","in2020_v08",20,13,"Hyperiidae - undifferentiated",28570911,0.5,1,NA,NA,"-20 degC",NA,"Plastic Bag","Amphipods","Crustacean"
"284","in2020_v08",36,55,"Hyperiidae - undifferentiated",28570911,0.5,1,NA,NA,"-20 degC",NA,NA,"Amphipods","Crustacean"
"285","in2020_v08",39,14,"Hyperiidae - undifferentiated",28570911,0.5,2,"Amphipod",NA,"-20 degC",NA,NA,"Amphipods","Crustacean"
"286","in2020_v08",41,34,"Hyperiidae - undifferentiated",28570911,0.5,2,"<","1","-20 degC",NA,"Plastic Bag","Amphipods","Crustacean"
"287","in2020_v08",41,33,"Hyperia spp.",28570901,0.5,1,"Hyperia","medusarium;","-20 degC",NA,"Plastic Bag","Amphipods","Crustacean"
"288","in2020_v08",44,11,"Hyperia spp.",28570901,0.5,2,"<","1","-20 degC",NA,"Plastic Bag","Amphipods","Crustacean"
"289","in2020_v08",28,45,"Pegohyperia princeps",28570031,0.5,1,NA,NA,"-20 degC",NA,NA,"Amphipods","Crustacean"
"290","in2020_v08",36,43,"Pegohyperia princeps",28570031,3,1,NA,NA,"-20 degC",NA,NA,"Amphipods","Crustacean"
"291","in2020_v08",52,27,"Pegohyperia princeps",28570031,0.5,1,"<","1","-20 degC",NA,"Plastic Bag","Amphipods","Crustacean"
"292","in2020_v08",2,11,"Themisto gaudichaudii",28570022,0.5,66,NA,NA,"-20 degC",NA,"McCarthy Vial","Amphipods","Crustacean"
"293","in2020_v08",3,6,"Themisto gaudichaudii",28570022,0.5,14,NA,NA,"-20 degC",NA,"Plastic Bag","Amphipods","Crustacean"
"294","in2020_v08",4,6,"Themisto gaudichaudii",28570022,0.5,1,NA,NA,"-20 degC",NA,"Plastic Bag","Amphipods","Crustacean"
"295","in2020_v08",5,8,"Themisto gaudichaudii",28570022,0.5,36,NA,NA,"-20 degC",NA,"Plastic Bag","Amphipods","Crustacean"
"296","in2020_v08",6,7,"Themisto gaudichaudii",28570022,0.5,4,NA,NA,"-20 degC",NA,"Plastic Bag","Amphipods","Crustacean"
"297","in2020_v08",8,13,"Themisto gaudichaudii",28570022,0.5,69,NA,NA,"-20 degC",NA,"Plastic Bag","Amphipods","Crustacean"
"298","in2020_v08",10,12,"Themisto gaudichaudii",28570022,0.5,4,NA,NA,"-20 degC",NA,"Plastic Bag","Amphipods","Crustacean"
"299","in2020_v08",11,4,"Themisto gaudichaudii",28570022,13,85,"weight","of","-20 degC",NA,"Plastic Bag","Amphipods","Crustacean"
"300","in2020_v08",14,11,"Themisto gaudichaudii",28570022,0.5,5,NA,NA,"-20 degC",NA,"Plastic Bag","Amphipods","Crustacean"
"301","in2020_v08",15,27,"Themisto gaudichaudii",28570022,0.5,4,NA,NA,"-20 degC",NA,"Plastic Bag","Amphipods","Crustacean"
"302","in2020_v08",17,6,"Themisto gaudichaudii",28570022,3,208,NA,NA,"-20 degC",NA,"Plastic Bag","Amphipods","Crustacean"
"303","in2020_v08",18,6,"Themisto gaudichaudii",28570022,2,32,NA,NA,"-20 degC",NA,"Plastic Bag","Amphipods","Crustacean"
"304","in2020_v08",19,4,"Themisto gaudichaudii",28570022,3,19,NA,NA,"-20 degC",NA,"Plastic Bag","Amphipods","Crustacean"
"305","in2020_v08",22,7,"Themisto gaudichaudii",28570022,21,5,NA,NA,"-20 degC",NA,"Plastic Bag","Amphipods","Crustacean"
"306","in2020_v08",23,10,"Themisto gaudichaudii",28570022,0.5,2,NA,NA,"-20 degC",NA,"Plastic Bag","Amphipods","Crustacean"
"307","in2020_v08",24,2,"Themisto gaudichaudii",28570022,1,8,NA,NA,"-20 degC",NA,"Plastic Bag","Amphipods","Crustacean"
"308","in2020_v08",25,3,"Themisto gaudichaudii",28570022,0.5,11,"wet","weight","-20 degC",NA,"Plastic Bag","Amphipods","Crustacean"
"309","in2020_v08",27,13,"Themisto gaudichaudii",28570022,3,54,"Not","sure","-20 degC",NA,NA,"Amphipods","Crustacean"
"310","in2020_v08",28,39,"Themisto gaudichaudii",28570022,1,11,NA,NA,"-20 degC",NA,NA,"Amphipods","Crustacean"
"311","in2020_v08",29,50,"Themisto gaudichaudii",28570022,0.5,4,NA,NA,"-20 degC",NA,"Plastic Bag","Amphipods","Crustacean"
"312","in2020_v08",30,31,"Themisto gaudichaudii",28570022,0.5,3,"<","1","-20 degC",NA,"Plastic Bag","Amphipods","Crustacean"
"313","in2020_v08",31,2,"Themisto gaudichaudii",28570022,1,9,NA,NA,"-20 degC",NA,"Plastic Bag","Amphipods","Crustacean"
"314","in2020_v08",32,2,"Themisto gaudichaudii",28570022,0.5,5,"<","1","-20 degC",NA,"Plastic Bag","Amphipods","Crustacean"
"315","in2020_v08",33,4,"Themisto gaudichaudii",28570022,0.5,3,"<","1","-20 degC",NA,"Plastic Bag","Amphipods","Crustacean"
"316","in2020_v08",34,5,"Themisto gaudichaudii",28570022,1,27,NA,NA,"-20 degC",NA,NA,"Amphipods","Crustacean"
"317","in2020_v08",36,26,"Themisto gaudichaudii",28570022,2,9,NA,NA,"-20 degC",NA,NA,"Amphipods","Crustacean"
"318","in2020_v08",37,5,"Themisto gaudichaudii",28570022,60,3000,"See","#42","-20 degC",NA,NA,"Amphipods","Crustacean"
"319","in2020_v08",38,14,"Themisto gaudichaudii",28570022,0.5,4,NA,NA,"-20 degC",NA,NA,"Amphipods","Crustacean"
"320","in2020_v08",39,10,"Themisto gaudichaudii",28570022,40,313,"141=","18g,","-20 degC",NA,NA,"Amphipods","Crustacean"
"321","in2020_v08",41,36,"Themisto gaudichaudii",28570022,0.5,1,"<","1","-20 degC",NA,"Plastic Bag","Amphipods","Crustacean"
"322","in2020_v08",42,20,"Themisto gaudichaudii",28570022,0.5,20,NA,NA,"-20 degC",NA,"Plastic Bag","Amphipods","Crustacean"
"323","in2020_v08",43,1,"Themisto gaudichaudii",28570022,2761,46796,"total","weight","-20 degC",NA,"Plastic Bag","Amphipods","Crustacean"
"324","in2020_v08",43,7,"Themisto gaudichaudii",28570022,59,1000,"weight","subsample","-20 degC",NA,"Plastic Bag","Amphipods","Crustacean"
"325","in2020_v08",44,9,"Themisto gaudichaudii",28570022,3,61,NA,NA,"-20 degC",NA,"Plastic Bag","Amphipods","Crustacean"
"326","in2020_v08",46,29,"Themisto gaudichaudii",28570022,0.5,7,NA,NA,"-20 degC",NA,"Plastic Bag","Amphipods","Crustacean"
"327","in2020_v08",48,1,"Themisto gaudichaudii",28570022,720,28800,"subsample","-","-20 degC",NA,"Plastic Bag","Amphipods","Crustacean"
"328","in2020_v08",23,11,"Vibilia spp.",28566901,0.5,6,NA,NA,"-20 degC",NA,"Plastic Bag","Amphipods","Crustacean"
"329","in2020_v08",24,3,"Vibilia spp.",28566901,0.5,16,NA,NA,"-20 degC",NA,"Plastic Bag","Amphipods","Crustacean"
"330","in2020_v08",28,43,"Vibilia spp.",28566901,2,6,NA,NA,"-20 degC",NA,NA,"Amphipods","Crustacean"
"331","in2020_v08",30,29,"Vibilia spp.",28566901,0.5,2,"<","1","-20 degC",NA,"Plastic Bag","Amphipods","Crustacean"
"332","in2020_v08",33,10,"Vibilia spp.",28566901,0.5,10,"<","1","-20 degC",NA,"Plastic Bag","Amphipods","Crustacean"
"333","in2020_v08",36,28,"Vibilia spp.",28566901,1,8,NA,NA,"-20 degC",NA,NA,"Amphipods","Crustacean"
"334","in2020_v08",39,12,"Vibilia spp.",28566901,4,13,NA,NA,"-20 degC",NA,NA,"Amphipods","Crustacean"
"335","in2020_v08",41,35,"Vibilia spp.",28566901,0.5,1,"<","1","-20 degC",NA,"Plastic Bag","Amphipods","Crustacean"
"336","in2020_v08",44,8,"Vibilia spp.",28566901,0.5,11,"<","1","-20 degC",NA,"Plastic Bag","Amphipods","Crustacean"
"337","in2020_v08",10,9,"Cystisoma spp.",28565901,0.5,1,NA,NA,"-20 degC",NA,"Plastic Bag","Amphipods","Crustacean"
"338","in2020_v08",14,18,"Cystisoma spp.",28565901,0.5,1,"<","1","-20 degC",NA,"Plastic Bag","Amphipods","Crustacean"
"339","in2020_v08",22,10,"Cystisoma spp.",28565901,0.5,1,"weight",NA,"-20 degC",NA,"Plastic Bag","Amphipods","Crustacean"
"340","in2020_v08",23,9,"Cyllopus spp.",28564901,0.5,7,NA,NA,"-20 degC",NA,"Plastic Bag","Amphipods","Crustacean"
"341","in2020_v08",24,4,"Cyllopus spp.",28564901,4,36,NA,NA,"-20 degC",NA,"Plastic Bag","Amphipods","Crustacean"
"342","in2020_v08",28,41,"Cyllopus spp.",28564901,1,12,NA,NA,"-20 degC",NA,NA,"Amphipods","Crustacean"
"343","in2020_v08",30,32,"Cyllopus spp.",28564901,0.5,1,"<","1","-20 degC",NA,"Plastic Bag","Amphipods","Crustacean"
"344","in2020_v08",32,4,"Cyllopus spp.",28564901,0.5,41,"black","headed","-20 degC",NA,"Plastic Bag","Amphipods","Crustacean"
"345","in2020_v08",33,16,"Cyllopus spp.",28564901,1,8,NA,NA,"-20 degC",NA,"Plastic Bag","Amphipods","Crustacean"
"346","in2020_v08",36,32,"Cyllopus spp.",28564901,0.5,5,NA,NA,"-20 degC",NA,NA,"Amphipods","Crustacean"
"347","in2020_v08",39,13,"Cyllopus spp.",28564901,5,20,NA,NA,"-20 degC",NA,NA,"Amphipods","Crustacean"
"348","in2020_v08",41,30,"Cyllopus spp.",28564901,0.5,1,"<","1","-20 degC",NA,"Plastic Bag","Amphipods","Crustacean"
"349","in2020_v08",44,10,"Cyllopus spp.",28564901,2,59,NA,NA,"-20 degC",NA,"Plastic Bag","Amphipods","Crustacean"
"350","in2020_v08",14,8,"Scina spp.",28561901,0.5,2,NA,NA,"-20 degC",NA,"Plastic Bag","Amphipods","Crustacean"
"351","in2020_v08",22,28,"Scina spp.",28561901,0.5,3,"weight",NA,"-20 degC",NA,"Plastic Bag","Amphipods","Crustacean"
"352","in2020_v08",28,20,"Scina spp.",28561901,2,3,NA,NA,"-20 degC",NA,NA,"Amphipods","Crustacean"
"353","in2020_v08",36,34,"Scina spp.",28561901,2,2,NA,NA,"-20 degC",NA,NA,"Amphipods","Crustacean"
"354","in2020_v08",41,38,"Scina spp.",28561901,0.5,2,"<","1","-20 degC",NA,"Plastic Bag","Amphipods","Crustacean"
"355","in2020_v08",14,16,"Lanceola spp.",28555901,0.5,3,NA,NA,"-20 degC",NA,"Plastic Bag","Amphipods","Crustacean"
"356","in2020_v08",22,25,"Lanceola spp.",28555901,0.5,3,"weight",NA,"-20 degC",NA,"Plastic Bag","Amphipods","Crustacean"
"357","in2020_v08",28,46,"Lanceola spp.",28555901,0.5,4,NA,NA,"-20 degC",NA,NA,"Amphipods","Crustacean"
"358","in2020_v08",34,30,"Lanceola spp.",28555901,1,6,NA,NA,"-20 degC",NA,NA,"Amphipods","Crustacean"
"359","in2020_v08",36,31,"Lanceola spp.",28555901,5,6,NA,NA,"-20 degC",NA,NA,"Amphipods","Crustacean"
"360","in2020_v08",41,37,"Lanceola spp.",28555901,0.5,2,"<","1","-20 degC",NA,"Plastic Bag","Amphipods","Crustacean"
"361","in2020_v08",10,5,"Lanceola sayana",28555003,0.5,1,NA,NA,"-20 degC",NA,"Plastic Bag","Amphipods","Crustacean"
"362","in2020_v08",28,22,"Parandania boecki",28490011,3,9,NA,NA,"-20 degC",NA,"Plastic Bag","Amphipods","Crustacean"
"363","in2020_v08",30,17,"Parandania boecki",28490011,4,4,NA,NA,"-20 degC",NA,"Plastic Bag","Amphipods","Crustacean"
"364","in2020_v08",34,6,"Parandania boecki",28490011,2,10,"See","#36","-20 degC",NA,NA,"Amphipods","Crustacean"
"365","in2020_v08",36,41,"Parandania boecki",28490011,2,6,NA,NA,"-20 degC",NA,NA,"Amphipods","Crustacean"
"366","in2020_v08",41,43,"Parandania boecki",28490011,5,6,NA,NA,"-20 degC",NA,"Plastic Bag","Amphipods","Crustacean"
"367","in2020_v08",47,29,"Parandania boecki",28490011,2,3,NA,NA,"-20 degC",NA,"Plastic Bag","Amphipods","Crustacean"
"368","in2020_v08",41,40,"Metacyphocaris spp.",28432901,0.5,1,"<","1","-20 degC",NA,"Plastic Bag","Amphipods","Crustacean"
"369","in2020_v08",47,30,"Eurythenes spp.",28427901,1,1,NA,NA,"-20 degC",NA,"Plastic Bag","Amphipods","Crustacean"
"370","in2020_v08",28,26,"Eurythenes gryllus",28427001,2,1,NA,NA,"-20 degC",NA,"Plastic Bag","Amphipods","Crustacean"
"371","in2020_v08",29,69,"Gammaridae - undifferentiated",28418000,10,31,"red",NA,"-20 degC",NA,"Plastic Bag","Amphipods","Crustacean"
"372","in2020_v08",7,2,"Uristidae - undifferentiated",28413000,12,37,NA,NA,"-20 degC",NA,"Plastic Bag","Amphipods","Crustacean"
"373","in2020_v08",14,30,"Uristidae - undifferentiated",28413000,4,15,NA,NA,"-20 degC",NA,"Plastic Bag","Amphipods","Crustacean"
"374","in2020_v08",21,3,"Uristidae - undifferentiated",28413000,1,8,NA,NA,"-20 degC",NA,"Plastic Bag","Amphipods","Crustacean"
"375","in2020_v08",22,16,"Uristidae - undifferentiated",28413000,19,81,NA,NA,"-20 degC",NA,"Plastic Bag","Amphipods","Crustacean"
"376","in2020_v08",14,13,"Cyphocaris spp.",28406901,0.5,1,NA,NA,"-20 degC",NA,"Plastic Bag","Amphipods","Crustacean"
"377","in2020_v08",14,17,"Cyphocaris richardi",28406004,0.5,1,"<","1","-20 degC",NA,"Plastic Bag","Amphipods","Crustacean"
"378","in2020_v08",22,29,"Cyphocaris richardi",28406004,0.5,3,"weight",NA,"-20 degC",NA,"Plastic Bag","Amphipods","Crustacean"
"379","in2020_v08",28,21,"Cyphocaris richardi",28406004,4,15,NA,NA,"-20 degC",NA,NA,"Amphipods","Crustacean"
"380","in2020_v08",30,15,"Cyphocaris richardi",28406004,2,4,NA,NA,"-20 degC",NA,"Plastic Bag","Amphipods","Crustacean"
"381","in2020_v08",36,37,"Cyphocaris richardi",28406004,5,10,NA,NA,"-20 degC",NA,NA,"Amphipods","Crustacean"
"382","in2020_v08",41,47,"Cyphocaris richardi",28406004,1,11,NA,NA,"-20 degC",NA,"Plastic Bag","Amphipods","Crustacean"
"383","in2020_v08",42,27,"Cyphocaris richardi",28406004,4,10,NA,NA,"-20 degC",NA,"Plastic Bag","Amphipods","Crustacean"
"384","in2020_v08",46,14,"Cyphocaris richardi",28406004,3,8,NA,NA,"-20 degC",NA,"Plastic Bag","Amphipods","Crustacean"
"385","in2020_v08",52,28,"Cyphocaris richardi",28406004,0.5,3,"<","1","-20 degC",NA,"Plastic Bag","Amphipods","Crustacean"
"386","in2020_v08",13,24,"Tryphosella macropareia",28405145,8,16,NA,NA,"-20 degC",NA,"Plastic Bag","Amphipods","Crustacean"
"387","in2020_v08",5,17,"Order Amphipoda - undifferentiated",28399000,0.5,2,NA,NA,"-20 degC",NA,"Plastic Bag","Amphipods","Crustacean"
"388","in2020_v08",22,26,"Order Amphipoda - undifferentiated",28399000,0.5,4,"weight",NA,"-20 degC",NA,"Plastic Bag","Amphipods","Crustacean"
"389","in2020_v08",27,7,"Order Amphipoda - undifferentiated",28399000,0.5,86,"All","around","-20 degC",NA,"Plastic Bag","Amphipods","Crustacean"
"390","in2020_v08",29,52,"Order Amphipoda - undifferentiated",28399000,0.5,13,"mixed",NA,"-20 degC",NA,"Plastic Bag","Amphipods","Crustacean"
"391","in2020_v08",31,27,"Order Amphipoda - undifferentiated",28399000,0.5,1,"black;","<","-20 degC",NA,"Plastic Bag","Amphipods","Crustacean"
"392","in2020_v08",31,28,"Order Amphipoda - undifferentiated",28399000,1,30,"mixed","amphipods","-20 degC",NA,"Plastic Bag","Amphipods","Crustacean"
"393","in2020_v08",32,5,"Order Amphipoda - undifferentiated",28399000,0.5,16,"red","amphipod;","-20 degC",NA,"Plastic Bag","Amphipods","Crustacean"
"394","in2020_v08",22,38,"Gnathophausia spp.",28081901,1,1,NA,NA,"-20 degC",NA,"Plastic Bag","Gnathaphausia","Crustacean"
"395","in2020_v08",36,27,"Gnathophausia spp.",28081901,3,3,NA,NA,"-20 degC",NA,NA,"Gnathaphausia","Crustacean"
"396","in2020_v08",41,44,"Gnathophausia spp.",28081901,1,3,NA,NA,"-20 degC",NA,"Plastic Bag","Gnathaphausia","Crustacean"
"397","in2020_v08",52,3,"Gnathophausia spp.",28081901,0.5,3,"<","1","-20 degC",NA,"Plastic Bag","Gnathaphausia","Crustacean"
"398","in2020_v08",12,10,"Gnathophausia gigas",28081003,2,1,NA,NA,"-20 degC",NA,"Plastic Bag","Gnathaphausia","Crustacean"
"399","in2020_v08",2,9,"Euchirella spp.",27212903,0.5,33,NA,NA,"-20 degC",NA,"McCarthy Vial","Copepod","Crustacean"
"400","in2020_v08",3,13,"Euchirella spp.",27212903,0.5,13,NA,NA,"-20 degC",NA,"Plastic Bag","Copepod","Crustacean"
"401","in2020_v08",14,22,"Calanoides spp.",27205901,1,15,NA,NA,"-20 degC",NA,"Plastic Bag","Copepod","Crustacean"
"402","in2020_v08",30,16,"Calanoides spp.",27205901,0.5,12,"<","1","-20 degC",NA,"Plastic Bag","Copepod","Crustacean"
"403","in2020_v08",36,51,"Calanoides spp.",27205901,3,25,NA,NA,"-20 degC",NA,NA,"Copepod","Crustacean"
"404","in2020_v08",41,14,"Order Calanoida - undifferentiated",27201000,0.5,12,"<","1","-20 degC",NA,"Plastic Bag","Copepod","Crustacean"
"405","in2020_v08",28,40,"Subclass Copepoda - undifferentiated",27200000,2,34,NA,NA,"-20 degC",NA,NA,"Copepod","Crustacean"
"406","in2020_v08",14,19,"Gigantocypris spp.",27106913,0.5,1,"<","1","-20 degC",NA,"Plastic Bag","Ostocod","Ostocod"
"407","in2020_v08",28,10,"Gigantocypris spp.",27106913,30,33,NA,NA,"-20 degC",NA,NA,"Ostocod","Ostocod"
"408","in2020_v08",29,63,"Gigantocypris spp.",27106913,NA,4,"subsample","of","-20 degC",NA,"Plastic Bag","Ostocod","Ostocod"
"409","in2020_v08",30,37,"Gigantocypris spp.",27106913,29,23,NA,NA,"-20 degC",NA,"Plastic Bag","Ostocod","Ostocod"
"410","in2020_v08",35,10,"Gigantocypris spp.",27106913,37,24,NA,NA,"-20 degC",NA,NA,"Ostocod","Ostocod"
"411","in2020_v08",36,47,"Gigantocypris spp.",27106913,28,25,NA,NA,"-20 degC",NA,NA,"Ostocod","Ostocod"
"412","in2020_v08",41,26,"Gigantocypris spp.",27106913,0.5,6,"<","1","-20 degC",NA,"Plastic Bag","Ostocod","Ostocod"
"413","in2020_v08",46,11,"Gigantocypris spp.",27106913,1,8,NA,NA,"-20 degC",NA,"Plastic Bag","Ostocod","Ostocod"
"414","in2020_v08",47,12,"Gigantocypris spp.",27106913,10,11,NA,NA,"-20 degC",NA,"Plastic Bag","Ostocod","Ostocod"
"415","in2020_v08",46,45,"Notobranchaeidae - undifferentiated",24413000,1,2,NA,NA,"-20 degC",NA,"Plastic Bag","Gymnosome","other"
"416","in2020_v08",22,33,"Order Gymnosomata - undifferentiated",24410000,2,6,NA,NA,"-20 degC",NA,"Plastic Bag","Gymnosome","other"
"417","in2020_v08",28,47,"Order Gymnosomata - undifferentiated",24410000,2,NA,NA,NA,"-20 degC",NA,NA,"Gymnosome","other"
"418","in2020_v08",29,25,"Order Gymnosomata - undifferentiated",24410000,2,3,"white",NA,"-20 degC",NA,"Plastic Bag","Gymnosome","other"
"419","in2020_v08",29,26,"Order Gymnosomata - undifferentiated",24410000,0.5,3,NA,NA,"-20 degC",NA,"Plastic Bag","Gymnosome","other"
"420","in2020_v08",34,13,"Order Gymnosomata - undifferentiated",24410000,0.5,3,"Dolioid-shaped","pteropod.","-20 degC",NA,NA,"Gymnosome","other"
"421","in2020_v08",41,51,"Order Gymnosomata - undifferentiated",24410000,0.5,1,"<","1","-20 degC",NA,"Plastic Bag","Gymnosome","other"
"422","in2020_v08",11,21,"Styliola subula",24407002,3,43,NA,NA,"-20 degC",NA,"Plastic Bag","Pteropod","other"
"423","in2020_v08",15,13,"Styliola subula",24407002,0.5,83,"<","1","-20 degC",NA,"Plastic Bag","Pteropod","other"
"424","in2020_v08",16,6,"Styliola subula",24407002,0.5,4,NA,NA,"-20 degC",NA,"Plastic Bag","Pteropod","other"
"425","in2020_v08",17,10,"Styliola subula",24407002,3,44,NA,NA,"-20 degC",NA,"Plastic Bag","Pteropod","other"
"426","in2020_v08",19,13,"Styliola subula",24407002,1,3,NA,NA,"-20 degC",NA,"Plastic Bag","Pteropod","other"
"427","in2020_v08",20,6,"Styliola subula",24407002,6,24,NA,NA,"-20 degC",NA,"Plastic Bag","Pteropod","other"
"428","in2020_v08",22,64,"Styliola subula",24407002,0.5,1,"weight",NA,"-20 degC",NA,"Plastic Bag","Pteropod","other"
"429","in2020_v08",25,11,"Styliola subula",24407002,0.5,5,"wet","weight","-20 degC",NA,"Plastic Bag","Pteropod","other"
"430","in2020_v08",27,9,"Styliola subula",24407002,0.5,7,"Not","sure","-20 degC",NA,NA,"Pteropod","other"
"431","in2020_v08",28,49,"Styliola subula",24407002,0.5,4,NA,NA,"-20 degC",NA,NA,"Pteropod","other"
"432","in2020_v08",30,23,"Styliola subula",24407002,0.5,1,"<","1","-20 degC",NA,"Plastic Bag","Pteropod","other"
"433","in2020_v08",31,13,"Styliola subula",24407002,1,8,NA,NA,"-20 degC",NA,"Plastic Bag","Pteropod","other"
"434","in2020_v08",34,8,"Styliola subula",24407002,0.5,9,NA,NA,"-20 degC",NA,NA,"Pteropod","other"
"435","in2020_v08",36,4,"Styliola subula",24407002,4,12,NA,NA,"-20 degC",NA,NA,"Pteropod","other"
"436","in2020_v08",39,15,"Styliola subula",24407002,0.5,1,NA,NA,"-20 degC",NA,NA,"Pteropod","other"
"437","in2020_v08",41,19,"Styliola subula",24407002,0.5,2,"<","1","-20 degC",NA,"Plastic Bag","Pteropod","other"
"438","in2020_v08",44,5,"Styliola subula",24407002,3,4,NA,NA,"-20 degC",NA,"Plastic Bag","Pteropod","other"
"439","in2020_v08",16,11,"Clio spp.",24406901,1,6,NA,NA,"-20 degC",NA,"Plastic Bag","Pteropod","other"
"440","in2020_v08",36,13,"Clio spp.",24406901,0.5,1,NA,NA,"-20 degC",NA,NA,"Pteropod","other"
"441","in2020_v08",41,17,"Clio spp.",24406901,0.5,2,"<","1","-20 degC",NA,"Plastic Bag","Pteropod","other"
"442","in2020_v08",22,31,"Clio recurva",24406004,0.5,1,"weight",NA,"-20 degC",NA,"Plastic Bag","Pteropod","other"
"443","in2020_v08",28,53,"Clio recurva",24406004,2,3,NA,NA,"-20 degC",NA,NA,"Pteropod","other"
"444","in2020_v08",30,22,"Clio recurva",24406004,1,4,NA,NA,"-20 degC",NA,"Plastic Bag","Pteropod","other"
"445","in2020_v08",29,27,"Order Thecosomata - undifferentiated",24400000,0.5,1,"red;",NA,"-20 degC",NA,"Plastic Bag","Pteropod","other"
"446","in2020_v08",30,49,"Order Thecosomata - undifferentiated",24400000,2,2,NA,NA,"-20 degC",NA,"Plastic Bag","Pteropod","other"
"447","in2020_v08",41,50,"Order Thecosomata - undifferentiated",24400000,0.5,2,"<","1","-20 degC",NA,"Plastic Bag","Pteropod","other"
"448","in2020_v08",52,21,"Order Thecosomata - undifferentiated",24400000,0.5,1,"<","1","-20 degC",NA,"Plastic Bag","Pteropod","other"
"449","in2020_v08",30,36,"Danilia spp.",24051901,0.5,1,"<","1","-20 degC",NA,"Plastic Bag","pelagic gastropod","other"
"450","in2020_v08",5,14,"Cranchiidae - undifferentiated",23643000,16,3,NA,NA,"-20 degC",NA,"Plastic Bag","Cephalopod","Cephalopod"
"451","in2020_v08",7,34,"Cranchiidae - undifferentiated",23643000,0.5,1,NA,NA,"-20 degC",NA,"Plastic Bag","Cephalopod","Cephalopod"
"452","in2020_v08",12,29,"Cranchiidae - undifferentiated",23643000,1,4,NA,NA,"-20 degC",NA,"Plastic Bag","Cephalopod","Cephalopod"
"453","in2020_v08",13,21,"Cranchiidae - undifferentiated",23643000,5,3,NA,NA,"-20 degC",NA,"Plastic Bag","Cephalopod","Cephalopod"
"454","in2020_v08",14,23,"Cranchiidae - undifferentiated",23643000,1,1,"two","different","-20 degC",NA,"Plastic Bag","Cephalopod","Cephalopod"
"455","in2020_v08",20,8,"Cranchiidae - undifferentiated",23643000,1,6,NA,NA,"-20 degC",NA,"Plastic Bag","Cephalopod","Cephalopod"
"456","in2020_v08",22,15,"Cranchiidae - undifferentiated",23643000,50,6,NA,NA,"-20 degC",NA,"Plastic Bag","Cephalopod","Cephalopod"
"457","in2020_v08",28,34,"Cranchiidae - undifferentiated",23643000,0.5,2,"<","1","-20 degC",NA,"Plastic Bag","Cephalopod","Cephalopod"
"458","in2020_v08",30,38,"Cranchiidae - undifferentiated",23643000,3,2,NA,NA,"-20 degC",NA,"Plastic Bag","Cephalopod","Cephalopod"
"459","in2020_v08",36,46,"Cranchiidae - undifferentiated",23643000,3,4,NA,NA,"-20 degC",NA,NA,"Cephalopod","Cephalopod"
"460","in2020_v08",41,49,"Cranchiidae - undifferentiated",23643000,0.5,1,"<","1","-20 degC",NA,"Plastic Bag","Cephalopod","Cephalopod"
"461","in2020_v08",43,4,"Cranchiidae - undifferentiated",23643000,0.5,1,"<","1","-20 degC",NA,"Plastic Bag","Cephalopod","Cephalopod"
"462","in2020_v08",44,19,"Cranchiidae - undifferentiated",23643000,0.5,2,"<","1","-20 degC",NA,"Plastic Bag","Cephalopod","Cephalopod"
"463","in2020_v08",45,12,"Cranchiidae - undifferentiated",23643000,5,3,NA,NA,"-20 degC",NA,"Plastic Bag","Cephalopod","Cephalopod"
"464","in2020_v08",46,42,"Cranchiidae - undifferentiated",23643000,0.5,1,NA,NA,"-20 degC",NA,"Plastic Bag","Cephalopod","Cephalopod"
"465","in2020_v08",48,4,"Cranchiidae - undifferentiated",23643000,1,3,NA,NA,"-20 degC",NA,"Plastic Bag","Cephalopod","Cephalopod"
"466","in2020_v08",49,7,"Cranchiidae - undifferentiated",23643000,4,4,NA,NA,"-20 degC",NA,NA,"Cephalopod","Cephalopod"
"467","in2020_v08",46,44,"Order Teuthoidea - undifferentiated",23615000,35,1,"""teuthoid-","ommastrephid","-20 degC",NA,"Plastic Bag","Cephalopod","Cephalopod"
"468","in2020_v08",3,2,"Sepiolidae - undifferentiated",23609000,0.5,1,NA,NA,"-20 degC",NA,"Plastic Bag","Cephalopod","Cephalopod"
"469","in2020_v08",14,46,"Sepiolidae - undifferentiated",23609000,0.5,1,"with","number","-20 degC",NA,"Plastic Bag","Cephalopod","Cephalopod"
"470","in2020_v08",22,24,"Sepiidae - undifferentiated",23607000,12,7,NA,NA,"-20 degC",NA,"Plastic Bag","Cephalopod","Cephalopod"
"471","in2020_v08",39,2,"Tomopteris spp.",22068901,14,8,NA,NA,"-20 degC",NA,NA,"worms","other"
"472","in2020_v08",43,5,"Tomopteris spp.",22068901,4,4,NA,NA,"-20 degC",NA,"Plastic Bag","worms","other"
"473","in2020_v08",44,1,"Tomopteris spp.",22068901,23,36,NA,NA,"-20 degC",NA,"Plastic Bag","worms","other"
"474","in2020_v08",52,22,"Tomopteris spp.",22068901,0.5,1,"<","1","-20 degC",NA,"Plastic Bag","worms","other"
"475","in2020_v08",7,27,"Class Polychaeta - undifferentiated",2.2e+07,0.5,2,NA,NA,"-20 degC",NA,"Plastic Bag","worms","other"
"476","in2020_v08",17,12,"Class Polychaeta - undifferentiated",2.2e+07,0.5,1,"weight",NA,"-20 degC",NA,"Plastic Bag","worms","other"
"477","in2020_v08",22,30,"Class Polychaeta - undifferentiated",2.2e+07,0.5,2,"weight",NA,"-20 degC",NA,"Plastic Bag","worms","other"
"478","in2020_v08",44,18,"Class Polychaeta - undifferentiated",2.2e+07,0.5,1,"<","1","-20 degC",NA,"Plastic Bag","worms","other"
"479","in2020_v08",28,30,"Pelagonemertes spp.",14125901,26,9,NA,NA,"-20 degC",NA,"Plastic Bag","worms","other"
"480","in2020_v08",41,27,"Pelagonemertes spp.",14125901,5,17,"fern","appearance","-20 degC",NA,"Plastic Bag","worms","other"
"481","in2020_v08",42,18,"Pelagonemertes spp.",14125901,2,11,NA,NA,"-20 degC",NA,"Plastic Bag","worms","other"
"482","in2020_v08",47,18,"Pelagonemertes spp.",14125901,5,8,NA,NA,"-20 degC",NA,"Plastic Bag","worms","other"
"483","in2020_v08",52,15,"Pelagonemertes spp.",14125901,1,4,NA,NA,"-20 degC",NA,"Plastic Bag","worms","other"
"484","in2020_v08",30,43,"Phylum Nemertea - undifferentiated",1.4e+07,1,3,NA,NA,"-20 degC",NA,"Plastic Bag","worms","other"
"485","in2020_v08",15,4,"Beroe spp.",12090901,200,1,NA,NA,"-20 degC",NA,"Plastic Bag","Ctenophore","Gelatinous"
"486","in2020_v08",20,4,"Beroe spp.",12090901,656,3,NA,NA,"-20 degC",NA,"Plastic Bag","Ctenophore","Gelatinous"
"487","in2020_v08",23,5,"Beroe spp.",12090901,7,6,NA,NA,"-20 degC",NA,"Plastic Bag","Ctenophore","Gelatinous"
"488","in2020_v08",39,9,"Beroe spp.",12090901,1,1,NA,NA,"-20 degC",NA,NA,"Ctenophore","Gelatinous"
"489","in2020_v08",24,11,"Euplokamis spp.",12018901,20,16,NA,NA,"-20 degC",NA,"Plastic Bag","Ctenophore","Gelatinous"
"490","in2020_v08",27,8,"Euplokamis spp.",12018901,48,42,"See","subsample","-20 degC",NA,"Plastic Bag","Ctenophore","Gelatinous"
"491","in2020_v08",33,5,"Euplokamis spp.",12018901,3,19,NA,NA,"-20 degC",NA,"Plastic Bag","Ctenophore","Gelatinous"
"492","in2020_v08",45,15,"Euplokamis spp.",12018901,15,20,NA,NA,"-20 degC",NA,"Plastic Bag","Ctenophore","Gelatinous"
"493","in2020_v08",49,26,"Euplokamis spp.",12018901,28,25,NA,NA,"-20 degC",NA,NA,"Ctenophore","Gelatinous"
"494","in2020_v08",27,17,"Phylum Ctenophora - undifferentiated",1.2e+07,1390,NA,"Large","clear","-20 degC",NA,NA,"Ctenophore","Gelatinous"
"495","in2020_v08",22,2,"Periphylla periphylla",11128001,6,1,NA,NA,"-20 degC",NA,"Plastic Bag","Medusa","Gelatinous"
"496","in2020_v08",27,1,"Periphylla periphylla",11128001,170,1,NA,NA,"-20 degC",NA,"Plastic Bag","Medusa","Gelatinous"
"497","in2020_v08",28,2,"Periphylla periphylla",11128001,1470,17,NA,NA,"-20 degC",NA,NA,"Medusa","Gelatinous"
"498","in2020_v08",29,2,"Periphylla periphylla",11128001,550,17,"9","frozen;","-20 degC",NA,"Plastic Bag","Medusa","Gelatinous"
"499","in2020_v08",30,26,"Periphylla periphylla",11128001,804,18,NA,NA,"-20 degC",NA,"Plastic Bag","Medusa","Gelatinous"
"500","in2020_v08",35,12,"Periphylla periphylla",11128001,680,13,NA,NA,"-20 degC",NA,NA,"Medusa","Gelatinous"
"501","in2020_v08",36,3,"Periphylla periphylla",11128001,143,12,NA,NA,"-20 degC",NA,NA,"Medusa","Gelatinous"
"502","in2020_v08",37,8,"Periphylla periphylla",11128001,109,2,NA,NA,"-20 degC",NA,NA,"Medusa","Gelatinous"
"503","in2020_v08",40,11,"Periphylla periphylla",11128001,40,3,NA,NA,"-20 degC",NA,NA,"Medusa","Gelatinous"
"504","in2020_v08",41,5,"Periphylla periphylla",11128001,384,14,NA,NA,"-20 degC",NA,"Plastic Bag","Medusa","Gelatinous"
"505","in2020_v08",42,43,"Periphylla periphylla",11128001,245,11,NA,NA,"-20 degC",NA,"Plastic Bag","Medusa","Gelatinous"
"506","in2020_v08",46,17,"Periphylla periphylla",11128001,1010,8,"5","frozen","-20 degC",NA,"Plastic Bag","Medusa","Gelatinous"
"507","in2020_v08",47,6,"Periphylla periphylla",11128001,269,10,NA,NA,"-20 degC",NA,"Plastic Bag","Medusa","Gelatinous"
"508","in2020_v08",52,6,"Periphylla periphylla",11128001,1321,9,NA,NA,"-20 degC",NA,"Plastic Bag","Medusa","Gelatinous"
"509","in2020_v08",53,6,"Periphylla periphylla",11128001,185,2,NA,NA,"-20 degC","Ethanol 95%","Plastic Bag","Medusa","Gelatinous"
"510","in2020_v08",13,19,"Atolla wyvillei",11123002,8,1,NA,NA,"-20 degC",NA,"Plastic Bag","Medusa","Gelatinous"
"511","in2020_v08",18,14,"Atolla wyvillei",11123002,9,1,NA,NA,"-20 degC",NA,"Plastic Bag","Medusa","Gelatinous"
"512","in2020_v08",22,1,"Atolla wyvillei",11123002,20,5,NA,NA,"-20 degC",NA,"Plastic Bag","Medusa","Gelatinous"
"513","in2020_v08",28,3,"Atolla wyvillei",11123002,440,19,NA,NA,"-20 degC",NA,NA,"Medusa","Gelatinous"
"514","in2020_v08",29,1,"Atolla wyvillei",11123002,460,13,"4","frozen,","-20 degC",NA,"Plastic Bag","Medusa","Gelatinous"
"515","in2020_v08",30,25,"Atolla wyvillei",11123002,60,10,NA,NA,"-20 degC",NA,"Plastic Bag","Medusa","Gelatinous"
"516","in2020_v08",36,2,"Atolla wyvillei",11123002,293,14,NA,NA,"-20 degC",NA,NA,"Medusa","Gelatinous"
"517","in2020_v08",39,11,"Atolla wyvillei",11123002,91,1,NA,NA,"-20 degC",NA,NA,"Medusa","Gelatinous"
"518","in2020_v08",41,9,"Atolla wyvillei",11123002,189,8,NA,NA,"-20 degC",NA,"Plastic Bag","Medusa","Gelatinous"
"519","in2020_v08",42,30,"Atolla wyvillei",11123002,168,14,NA,NA,"-20 degC",NA,"Plastic Bag","Medusa","Gelatinous"
"520","in2020_v08",46,16,"Atolla wyvillei",11123002,375,11,"5","frozen","-20 degC",NA,"Plastic Bag","Medusa","Gelatinous"
"521","in2020_v08",47,7,"Atolla wyvillei",11123002,136,9,NA,NA,"-20 degC",NA,"Plastic Bag","Medusa","Gelatinous"
"522","in2020_v08",52,5,"Atolla wyvillei",11123002,62,7,NA,NA,"-20 degC",NA,"Plastic Bag","Medusa","Gelatinous"
"523","in2020_v08",19,1,"Amphicaryon spp.",11095903,24,28,NA,NA,"-20 degC",NA,"Plastic Bag","Siphonophore","Gelatinous"
"524","in2020_v08",19,20,"Rosacea spp.",11095902,8,4,NA,NA,"-20 degC",NA,"Plastic Bag","Siphonophore","Gelatinous"
"525","in2020_v08",29,31,"Amphicaryon acaule",11095003,250,NA,NA,NA,"-20 degC",NA,"Plastic Bag","Siphonophore","Gelatinous"
"526","in2020_v08",32,6,"Amphicaryon acaule",11095003,203,NA,"bracts",NA,"-20 degC",NA,"Plastic Bag","Siphonophore","Gelatinous"
"527","in2020_v08",32,7,"Rosacea plicata",11095002,406,NA,"bracts",NA,"-20 degC",NA,"Plastic Bag","Siphonophore","Gelatinous"
"528","in2020_v08",3,8,"Hippopodius spp.",11094901,65,NA,NA,NA,"-20 degC",NA,"Plastic Bag","Siphonophore","Gelatinous"
"529","in2020_v08",10,11,"Hippopodius spp.",11094901,3,6,NA,NA,"-20 degC",NA,"Plastic Bag","Siphonophore","Gelatinous"
"530","in2020_v08",15,6,"Hippopodius spp.",11094901,474,6,"200","g","-20 degC",NA,"Plastic Bag","Siphonophore","Gelatinous"
"531","in2020_v08",1,33,"Vogtia spinosa",11094003,20,6,NA,NA,"-20 degC",NA,"Plastic Bag","Siphonophore","Gelatinous"
"532","in2020_v08",16,24,"Vogtia spinosa",11094003,6,6,"spikey","siphonophore","-20 degC",NA,"Plastic Bag","Siphonophore","Gelatinous"
"533","in2020_v08",1,24,"Diphyes spp.",11093903,0.5,1,NA,NA,"-20 degC",NA,"Plastic Bag","Siphonophore","Gelatinous"
"534","in2020_v08",3,11,"Diphyes spp.",11093903,0.5,3,NA,NA,"-20 degC",NA,"Plastic Bag","Siphonophore","Gelatinous"
"535","in2020_v08",4,5,"Diphyes spp.",11093903,0.5,9,NA,NA,"-20 degC",NA,"Plastic Bag","Siphonophore","Gelatinous"
"536","in2020_v08",7,16,"Diphyes spp.",11093903,18,20,NA,NA,"-20 degC",NA,"Plastic Bag","Siphonophore","Gelatinous"
"537","in2020_v08",10,2,"Diphyes spp.",11093903,0.5,7,NA,NA,"-20 degC",NA,"Plastic Bag","Siphonophore","Gelatinous"
"538","in2020_v08",14,2,"Diphyes spp.",11093903,21,15,NA,NA,"-20 degC",NA,"Plastic Bag","Siphonophore","Gelatinous"
"539","in2020_v08",17,15,"Diphyes spp.",11093903,0.5,11,"weight",NA,"-20 degC",NA,"Plastic Bag","Siphonophore","Gelatinous"
"540","in2020_v08",21,19,"Diphyes spp.",11093903,0.5,10,NA,NA,"-20 degC",NA,"Plastic Bag","Siphonophore","Gelatinous"
"541","in2020_v08",22,9,"Diphyes spp.",11093903,18,20,NA,NA,"-20 degC",NA,"Plastic Bag","Siphonophore","Gelatinous"
"542","in2020_v08",28,1,"Diphyes spp.",11093903,15,15,NA,NA,"-20 degC",NA,NA,"Siphonophore","Gelatinous"
"543","in2020_v08",29,40,"Diphyes spp.",11093903,9,12,NA,NA,"-20 degC",NA,"Plastic Bag","Siphonophore","Gelatinous"
"544","in2020_v08",30,28,"Diphyes spp.",11093903,15,16,NA,NA,"-20 degC",NA,"Plastic Bag","Siphonophore","Gelatinous"
"545","in2020_v08",35,42,"Diphyes spp.",11093903,25,19,NA,NA,"-20 degC",NA,NA,"Siphonophore","Gelatinous"
"546","in2020_v08",36,5,"Diphyes spp.",11093903,8,10,NA,NA,"-20 degC",NA,NA,"Siphonophore","Gelatinous"
"547","in2020_v08",40,7,"Diphyes spp.",11093903,1,4,NA,NA,"-20 degC",NA,NA,"Siphonophore","Gelatinous"
"548","in2020_v08",41,6,"Diphyes spp.",11093903,13,4,NA,NA,"-20 degC",NA,"Plastic Bag","Siphonophore","Gelatinous"
"549","in2020_v08",42,44,"Diphyes spp.",11093903,3,4,NA,NA,"-20 degC",NA,"Plastic Bag","Siphonophore","Gelatinous"
"550","in2020_v08",46,49,"Diphyes spp.",11093903,0.5,1,NA,NA,"-20 degC",NA,"Plastic Bag","Siphonophore","Gelatinous"
"551","in2020_v08",53,28,"Diphyes spp.",11093903,0.5,1,NA,NA,"-20 degC",NA,"Plastic Bag","Siphonophore","Gelatinous"
"552","in2020_v08",1,23,"Order Siphonophora - undifferentiated",11090000,53,30,"siphonophore","bracts","-20 degC",NA,"Plastic Bag","Siphonophore","Gelatinous"
"553","in2020_v08",11,8,"Order Siphonophora - undifferentiated",11090000,60,NA,NA,NA,"-20 degC",NA,"Plastic Bag","Siphonophore","Gelatinous"
"554","in2020_v08",16,14,"Order Siphonophora - undifferentiated",11090000,21,2,NA,NA,"-20 degC",NA,"Plastic Bag","Siphonophore","Gelatinous"
"555","in2020_v08",25,17,"Order Siphonophora - undifferentiated",11090000,100,NA,NA,NA,"-20 degC",NA,"Plastic Bag","Siphonophore","Gelatinous"
"556","in2020_v08",30,45,"Order Siphonophora - undifferentiated",11090000,0.5,1,"Siphonophore","nectophore","-20 degC",NA,"Plastic Bag","Siphonophore","Gelatinous"
"557","in2020_v08",38,17,"Order Siphonophora - undifferentiated",11090000,144,NA,"siphonophore","bracts","-20 degC",NA,NA,"Siphonophore","Gelatinous"
"558","in2020_v08",15,21,"Sminthea spp.",11089907,243,41,NA,NA,"-20 degC",NA,"Plastic Bag","Medusa","Gelatinous"
"559","in2020_v08",18,3,"Sminthea spp.",11089907,95,27,NA,NA,"-20 degC",NA,"Plastic Bag","Medusa","Gelatinous"
"560","in2020_v08",30,44,"Sminthea spp.",11089907,77,9,NA,NA,"-20 degC",NA,"Plastic Bag","Medusa","Gelatinous"
"561","in2020_v08",36,44,"Sminthea spp.",11089907,69,3,NA,NA,"-20 degC",NA,NA,"Medusa","Gelatinous"
"562","in2020_v08",1,15,"Rhopalonema spp.",11089906,0.5,1,NA,NA,"-20 degC",NA,"McCarthy Vial","Medusa","Gelatinous"
"563","in2020_v08",13,15,"Rhopalonema spp.",11089906,34,5,NA,NA,"-20 degC",NA,"Plastic Bag","Medusa","Gelatinous"
"564","in2020_v08",14,12,"Rhopalonema spp.",11089906,141,21,NA,NA,"-20 degC",NA,"Plastic Bag","Medusa","Gelatinous"
"565","in2020_v08",16,2,"Rhopalonema spp.",11089906,45,24,NA,NA,"-20 degC",NA,"Plastic Bag","Medusa","Gelatinous"
"566","in2020_v08",18,4,"Rhopalonema spp.",11089906,15,15,NA,NA,"-20 degC",NA,"Plastic Bag","Medusa","Gelatinous"
"567","in2020_v08",21,4,"Rhopalonema spp.",11089906,25,2,NA,NA,"-20 degC",NA,"Plastic Bag","Medusa","Gelatinous"
"568","in2020_v08",22,13,"Rhopalonema spp.",11089906,130,17,NA,NA,"-20 degC",NA,"Plastic Bag","Medusa","Gelatinous"
"569","in2020_v08",29,53,"Rhopalonema spp.",11089906,28,3,NA,NA,"-20 degC",NA,"Plastic Bag","Medusa","Gelatinous"
"570","in2020_v08",30,39,"Rhopalonema spp.",11089906,4,1,NA,NA,"-20 degC",NA,"Plastic Bag","Medusa","Gelatinous"
"571","in2020_v08",36,12,"Rhopalonema spp.",11089906,6,1,NA,NA,"-20 degC",NA,NA,"Medusa","Gelatinous"
"572","in2020_v08",42,24,"Rhopalonema spp.",11089906,10,1,NA,NA,"-20 degC",NA,"Plastic Bag","Medusa","Gelatinous"
"573","in2020_v08",7,1,"Rhopalonematidae - undifferentiated",11089000,172,20,NA,NA,"-20 degC",NA,"Plastic Bag","Medusa","Gelatinous"
"574","in2020_v08",10,16,"Rhopalonematidae - undifferentiated",11089000,1,2,NA,NA,"-20 degC",NA,"Plastic Bag","Medusa","Gelatinous"
"575","in2020_v08",22,18,"Rhopalonematidae - undifferentiated",11089000,24,NA,NA,NA,"-20 degC",NA,"Plastic Bag","Medusa","Gelatinous"
"576","in2020_v08",7,14,"Halicreas minimum",11086002,5,4,NA,NA,"-20 degC",NA,"Plastic Bag","Medusa","Gelatinous"
"577","in2020_v08",28,48,"Halicreas minimum",11086002,26,14,NA,NA,"-20 degC",NA,NA,"Medusa","Gelatinous"
"578","in2020_v08",29,75,"Halicreas minimum",11086002,NA,5,"subsample","of","-20 degC",NA,"Plastic Bag","Medusa","Gelatinous"
"579","in2020_v08",30,54,"Halicreas minimum",11086002,5,5,NA,NA,"-20 degC",NA,"Plastic Bag","Medusa","Gelatinous"
"580","in2020_v08",36,11,"Halicreas minimum",11086002,40,21,NA,NA,"-20 degC",NA,NA,"Medusa","Gelatinous"
"581","in2020_v08",41,20,"Halicreas minimum",11086002,51,19,NA,NA,"-20 degC",NA,"Plastic Bag","Medusa","Gelatinous"
"582","in2020_v08",47,20,"Halicreas minimum",11086002,28,20,NA,NA,"-20 degC",NA,"Plastic Bag","Medusa","Gelatinous"
"583","in2020_v08",52,7,"Halicreas minimum",11086002,14,12,NA,NA,"-20 degC",NA,"Plastic Bag","Medusa","Gelatinous"
"584","in2020_v08",42,28,"Halicreatidae - undifferentiated",11086000,44,11,NA,NA,"-20 degC",NA,"Plastic Bag","Medusa","Gelatinous"
"585","in2020_v08",35,52,"Pegantha spp.",11083901,45,3,"Peganatha-","like","-20 degC",NA,NA,"Medusa","Gelatinous"
"586","in2020_v08",42,38,"Pegantha spp.",11083901,20,1,"pegantha-","like","-20 degC",NA,"Plastic Bag","Medusa","Gelatinous"
"587","in2020_v08",47,13,"Pegantha spp.",11083901,69,2,NA,NA,"-20 degC",NA,"Plastic Bag","Medusa","Gelatinous"
"588","in2020_v08",7,13,"Pegantha rubiginosa",11083001,40,2,NA,NA,"-20 degC",NA,"Plastic Bag","Medusa","Gelatinous"
"589","in2020_v08",14,15,"Pegantha rubiginosa",11083001,12,1,NA,NA,"-20 degC",NA,"Plastic Bag","Medusa","Gelatinous"
"590","in2020_v08",28,8,"Pegantha rubiginosa",11083001,95,6,NA,NA,"-20 degC",NA,NA,"Medusa","Gelatinous"
"591","in2020_v08",29,3,"Pegantha rubiginosa",11083001,128,3,NA,NA,"-20 degC",NA,"Plastic Bag","Medusa","Gelatinous"
"592","in2020_v08",36,14,"Pegantha rubiginosa",11083001,45,1,NA,NA,"-20 degC",NA,NA,"Medusa","Gelatinous"
"593","in2020_v08",41,31,"Pegantha rubiginosa",11083001,38,1,NA,NA,"-20 degC",NA,"Plastic Bag","Medusa","Gelatinous"
"594","in2020_v08",1,22,"Solmissus spp.",11082902,30,3,NA,NA,"-20 degC",NA,"Plastic Bag","Medusa","Gelatinous"
"595","in2020_v08",2,12,"Solmissus spp.",11082902,16,4,NA,NA,"-20 degC",NA,"McCarthy Vial","Medusa","Gelatinous"
"596","in2020_v08",3,7,"Solmissus spp.",11082902,10,2,NA,NA,"-20 degC",NA,"Plastic Bag","Medusa","Gelatinous"
"597","in2020_v08",4,3,"Solmissus spp.",11082902,11,3,NA,NA,"-20 degC",NA,"Plastic Bag","Medusa","Gelatinous"
"598","in2020_v08",5,24,"Solmissus spp.",11082902,120,21,NA,NA,"-20 degC",NA,"Plastic Bag","Medusa","Gelatinous"
"599","in2020_v08",7,15,"Solmissus spp.",11082902,300,32,NA,NA,"-20 degC",NA,"Plastic Bag","Medusa","Gelatinous"
"600","in2020_v08",8,3,"Solmissus spp.",11082902,21,30,NA,NA,"-20 degC",NA,"Plastic Bag","Medusa","Gelatinous"
"601","in2020_v08",10,8,"Solmissus spp.",11082902,4,1,NA,NA,"-20 degC",NA,"Plastic Bag","Medusa","Gelatinous"
"602","in2020_v08",11,11,"Solmissus spp.",11082902,280,56,"n=","160","-20 degC",NA,"Plastic Bag","Medusa","Gelatinous"
"603","in2020_v08",12,28,"Solmissus spp.",11082902,13,7,NA,NA,"-20 degC",NA,"Plastic Bag","Medusa","Gelatinous"
"604","in2020_v08",13,40,"Solmissus spp.",11082902,99,11,NA,NA,"-20 degC",NA,"Plastic Bag","Medusa","Gelatinous"
"605","in2020_v08",14,29,"Solmissus spp.",11082902,106,11,NA,NA,"-20 degC",NA,"Plastic Bag","Medusa","Gelatinous"
"606","in2020_v08",16,23,"Solmissus spp.",11082902,40,3,NA,NA,"-20 degC",NA,"Plastic Bag","Medusa","Gelatinous"
"607","in2020_v08",18,2,"Solmissus spp.",11082902,20,10,NA,NA,"-20 degC",NA,"Plastic Bag","Medusa","Gelatinous"
"608","in2020_v08",19,2,"Solmissus spp.",11082902,55,9,NA,NA,"-20 degC",NA,"Plastic Bag","Medusa","Gelatinous"
"609","in2020_v08",21,18,"Solmissus spp.",11082902,19,5,NA,NA,"-20 degC",NA,"Plastic Bag","Medusa","Gelatinous"
"610","in2020_v08",22,11,"Solmissus spp.",11082902,175,NA,NA,NA,"-20 degC",NA,"Plastic Bag","Medusa","Gelatinous"
"611","in2020_v08",38,13,"Cuninidae - undifferentiated",11082000,60,2,"Solmissus","like","-20 degC",NA,NA,"Medusa","Gelatinous"
"612","in2020_v08",28,56,"Calycopsis spp.",11039901,5,NA,NA,NA,"-20 degC",NA,NA,"Medusa","Gelatinous"
"613","in2020_v08",46,46,"Calycopsis spp.",11039901,3,1,NA,NA,"-20 degC",NA,"Plastic Bag","Medusa","Gelatinous"
"614","in2020_v08",41,39,"Danaella mimonectus",905308,0.5,1,"<","1","-20 degC",NA,"Plastic Bag","Other","other"
"615","in2020_v08",5,28,"remainder",NA,330,NA,NA,NA,"-20 degC","discarded onboard","Plastic Bag","Tunicates","Gelatinous"
"616","in2020_v08",14,34,"Hydromedusa",NA,0.5,1,"<","1","-20 degC",NA,"Plastic Bag","Medusa","Gelatinous"
"617","in2020_v08",16,19,"Hydromedusa",NA,45,1,"Baubly","Lobed","-20 degC",NA,"Plastic Bag","Medusa","Gelatinous"
"618","in2020_v08",16,20,"Hydromedusa",NA,9,9,NA,NA,"-20 degC",NA,"Plastic Bag","Medusa","Gelatinous"
"619","in2020_v08",22,49,"Hydromedusa",NA,0.5,19,"burgundery","colour","-20 degC",NA,"Plastic Bag","Medusa","Gelatinous"
"620","in2020_v08",22,50,"Hydromedusa",NA,16,28,"orange","medusae","-20 degC",NA,"Plastic Bag","Medusa","Gelatinous"
"621","in2020_v08",22,51,"Hydromedusa",NA,0.5,6,"weight",NA,"-20 degC",NA,"Plastic Bag","Medusa","Gelatinous"
"622","in2020_v08",23,1,"Salpa thompsoni - solitary",NA,56,2,NA,NA,"-20 degC",NA,"Plastic Bag","Tunicates","Gelatinous"
"623","in2020_v08",23,3,"Salpa thompsoni - aggregate",NA,148,75,"salp","#1","-20 degC",NA,"Plastic Bag","Tunicates","Gelatinous"
"624","in2020_v08",23,8,"Salpa thompsoni - solitary",NA,1,1,"solitary",NA,"-20 degC",NA,"Plastic Bag","Tunicates","Gelatinous"
"625","in2020_v08",23,12,"Spongiobranchaea australis",NA,0.5,7,NA,NA,"-20 degC",NA,"Plastic Bag","Gymnosome","other"
"626","in2020_v08",24,1,"Salpa thompsoni - solitary juv",NA,1,9,NA,NA,"-20 degC",NA,"Plastic Bag","Tunicates","Gelatinous"
"627","in2020_v08",24,8,"Hydromedusa",NA,17,7,NA,NA,"-20 degC",NA,"Plastic Bag","Medusa","Gelatinous"
"628","in2020_v08",24,14,"Salpa thompsoni - aggregate",NA,2943,NA,"subsample","100g","-20 degC",NA,"Plastic Bag","Tunicates","Gelatinous"
"629","in2020_v08",24,15,"Spongiobranchaea australis",NA,2,24,NA,NA,"-20 degC",NA,"Plastic Bag","Gymnosome","other"
"630","in2020_v08",25,12,"Salpa thompsoni - aggregate",NA,1115,323,NA,NA,"-20 degC",NA,"Plastic Bag","Tunicates","Gelatinous"
"631","in2020_v08",25,13,"Salpa thompsoni - aggregate",NA,18,93,"small",NA,"-20 degC",NA,"Plastic Bag","Tunicates","Gelatinous"
"632","in2020_v08",25,14,"Salpa thompsoni - aggregate",NA,200,42,"subsample","of","-20 degC",NA,"Plastic Bag","Tunicates","Gelatinous"
"633","in2020_v08",25,23,"Salpa thompsoni - solitary",NA,320,3,"unidentified;","soestia","-20 degC",NA,"Plastic Bag","Tunicates","Gelatinous"
"634","in2020_v08",27,10,"Hydromedusa",NA,46,15,"Clear","medusa,","-20 degC",NA,"Plastic Bag","Medusa","Gelatinous"
"635","in2020_v08",27,12,"Salpa thompsoni - aggregate",NA,7690,NA,"not","counted","-20 degC",NA,NA,"Tunicates","Gelatinous"
"636","in2020_v08",27,14,"Salpa thompsoni - solitary juv",NA,NA,NA,"Solitary","form,","-20 degC",NA,NA,"Tunicates","Gelatinous"
"637","in2020_v08",28,19,"Hydromedusa",NA,2,3,"Orange","triangle","-20 degC",NA,NA,"Medusa","Gelatinous"
"638","in2020_v08",28,25,"Hydromedusa",NA,30,22,"burgundy","colour","-20 degC",NA,"Plastic Bag","Medusa","Gelatinous"
"639","in2020_v08",28,27,"Hydromedusa",NA,2,7,"orange",NA,"-20 degC",NA,"Plastic Bag","Medusa","Gelatinous"
"640","in2020_v08",28,28,"Salpa thompsoni - solitary",NA,75,4,NA,NA,"-20 degC",NA,"Plastic Bag","Tunicates","Gelatinous"
"641","in2020_v08",28,29,"Spongiobranchaea australis",NA,2,22,NA,NA,"-20 degC",NA,"Plastic Bag","Gymnosome","other"
"642","in2020_v08",28,36,"Salpa thompsoni - aggregate",NA,90,68,NA,NA,"-20 degC",NA,NA,"Tunicates","Gelatinous"
"643","in2020_v08",28,44,"Eusirella spp",NA,1,2,NA,NA,"-20 degC",NA,NA,"Copepod","Crustacean"
"644","in2020_v08",28,57,"Hydromedusa",NA,10,NA,NA,NA,"-20 degC",NA,NA,"Medusa","Gelatinous"
"645","in2020_v08",29,22,"Salpa thompsoni - solitary",NA,61,3,"solitary",NA,"-20 degC",NA,"Plastic Bag","Tunicates","Gelatinous"
"646","in2020_v08",29,23,"Salpa thompsoni - aggregate",NA,378,60,"aggregate",NA,"-20 degC",NA,"Plastic Bag","Tunicates","Gelatinous"
"647","in2020_v08",29,24,"Spongiobranchaea australis",NA,3,41,"black",NA,"-20 degC",NA,"Plastic Bag","Gymnosome","other"
"648","in2020_v08",29,37,"remainder",NA,1050,NA,NA,NA,"-20 degC","Ethanol 95%","Plastic Bag","Tunicates","Gelatinous"
"649","in2020_v08",29,42,"Hydromedusa",NA,50,23,"burgundy",NA,"-20 degC",NA,"Plastic Bag","Medusa","Gelatinous"
"650","in2020_v08",30,10,"Eusirella spp",NA,0.5,1,"<","1","-20 degC",NA,"Plastic Bag","Copepod","Crustacean"
"651","in2020_v08",30,21,"Spongiobranchaea australis",NA,0.5,4,"<","1","-20 degC",NA,"Plastic Bag","Gymnosome","other"
"652","in2020_v08",30,34,"Hydromedusa",NA,12,5,"burgundy",NA,"-20 degC",NA,"Plastic Bag","Medusa","Gelatinous"
"653","in2020_v08",30,40,"Hydromedusa",NA,0.5,1,"orange","medusa","-20 degC",NA,"Plastic Bag","Medusa","Gelatinous"
"654","in2020_v08",30,41,"Hydromedusa",NA,0.5,1,"pink","colour","-20 degC",NA,"Plastic Bag","Medusa","Gelatinous"
"655","in2020_v08",30,50,"Salpa thompsoni - solitary juv",NA,2,6,"solitary",NA,"-20 degC",NA,"Plastic Bag","Tunicates","Gelatinous"
"656","in2020_v08",30,52,"Salpa thompsoni - solitary",NA,2,1,NA,NA,"-20 degC",NA,"Plastic Bag","Tunicates","Gelatinous"
"657","in2020_v08",30,53,"Salpa thompsoni - aggregate",NA,157,134,NA,NA,"-20 degC",NA,"Plastic Bag","Tunicates","Gelatinous"
"658","in2020_v08",31,4,"Salpa thompsoni - solitary",NA,136,6,"solitary",NA,"-20 degC",NA,"Plastic Bag","Tunicates","Gelatinous"
"659","in2020_v08",31,5,"Salpa thompsoni - aggregate",NA,1780,593,"half","were","-20 degC",NA,"Plastic Bag","Tunicates","Gelatinous"
"660","in2020_v08",31,24,"Spongiobranchaea australis",NA,0.5,2,"<","1","-20 degC",NA,"Plastic Bag","Gymnosome","other"
"661","in2020_v08",32,11,"Hydromedusa",NA,30,20,"mix",NA,"-20 degC",NA,"Plastic Bag","Medusa","Gelatinous"
"662","in2020_v08",32,13,"Salpa thompsoni - solitary juv",NA,17,4,"8","banded;","-20 degC",NA,"Plastic Bag","Tunicates","Gelatinous"
"663","in2020_v08",32,14,"Spongiobranchaea australis",NA,0.5,45,"<","1","-20 degC",NA,"Plastic Bag","Gymnosome","other"
"664","in2020_v08",32,21,"Salpa thompsoni - solitary",NA,177,100,"subsample","of","-20 degC",NA,"Plastic Bag","Tunicates","Gelatinous"
"665","in2020_v08",33,8,"Salpa thompsoni - aggregate",NA,773,432,"100","=","-20 degC",NA,"Plastic Bag","Tunicates","Gelatinous"
"666","in2020_v08",33,11,"Spongiobranchaea australis",NA,1,4,NA,NA,"-20 degC",NA,"Plastic Bag","Gymnosome","other"
"667","in2020_v08",34,16,"Salpa thompsoni - aggregate",NA,515,284,"100","frozen,","-20 degC",NA,NA,"Tunicates","Gelatinous"
"668","in2020_v08",34,17,"Salpa thompsoni - solitary",NA,70,5,"Solitary","form","-20 degC",NA,NA,"Tunicates","Gelatinous"
"669","in2020_v08",34,19,"Hydromedusa",NA,35,2,"Large","clear","-20 degC",NA,NA,"Medusa","Gelatinous"
"670","in2020_v08",34,20,"Hydromedusa",NA,1,1,"Small","clear","-20 degC",NA,NA,"Medusa","Gelatinous"
"671","in2020_v08",35,27,"Salpa thompsoni - aggregate",NA,2165,800,"total","weight","-20 degC",NA,NA,"Tunicates","Gelatinous"
"672","in2020_v08",35,31,"Salpa thompsoni - solitary",NA,190,10,"solitary","form","-20 degC",NA,NA,"Tunicates","Gelatinous"
"673","in2020_v08",35,51,"Salpa thompsoni - solitary juv",NA,30,38,"8-banded","salp","-20 degC",NA,NA,"Tunicates","Gelatinous"
"674","in2020_v08",36,7,"Hydromedusa",NA,31,83,"orange","triangle","-20 degC",NA,NA,"Medusa","Gelatinous"
"675","in2020_v08",36,8,"Hydromedusa",NA,4,18,"orange","(morning","-20 degC",NA,NA,"Medusa","Gelatinous"
"676","in2020_v08",36,9,"Hydromedusa",NA,30,16,"burgandy","(morning)","-20 degC",NA,NA,"Medusa","Gelatinous"
"677","in2020_v08",36,10,"Salpa thompsoni - solitary",NA,25,1,NA,NA,"-20 degC",NA,NA,"Tunicates","Gelatinous"
"678","in2020_v08",36,36,"Eusirella spp",NA,1,2,NA,NA,"-20 degC",NA,NA,"Copepod","Crustacean"
"679","in2020_v08",36,39,"Spongiobranchaea australis",NA,4,16,NA,NA,"-20 degC",NA,NA,"Gymnosome","other"
"680","in2020_v08",36,50,"Salpa thompsoni - aggregate",NA,98,57,NA,NA,"-20 degC",NA,NA,"Tunicates","Gelatinous"
"681","in2020_v08",36,53,"Salpa thompsoni - aggregate",NA,6,4,NA,NA,"-20 degC",NA,NA,"Tunicates","Gelatinous"
"682","in2020_v08",36,54,"Salpa thompsoni - solitary juv",NA,1,7,NA,NA,"-20 degC",NA,NA,"Tunicates","Gelatinous"
"683","in2020_v08",37,6,"Salpa thompsoni - aggregate",NA,1240,161,"Aggregate.","300g","-20 degC",NA,NA,"Tunicates","Gelatinous"
"684","in2020_v08",37,10,"Hydromedusa",NA,35,16,"Clear","small","-20 degC",NA,NA,"Medusa","Gelatinous"
"685","in2020_v08",37,12,"Salpa thompsoni - solitary",NA,140,15,"Solitary","form.","-20 degC",NA,NA,"Tunicates","Gelatinous"
"686","in2020_v08",37,15,"Spongiobranchaea australis",NA,0.5,5,NA,NA,"-20 degC",NA,NA,"Gymnosome","other"
"687","in2020_v08",37,16,"Hydromedusa",NA,1,1,"clear,","large","-20 degC",NA,NA,"Medusa","Gelatinous"
"688","in2020_v08",37,30,"Salpa thompsoni - solitary juv",NA,30,28,"8-banded","salp.","-20 degC",NA,NA,"Tunicates","Gelatinous"
"689","in2020_v08",38,5,"Salpa thompsoni - solitary",NA,170,24,"solitary",NA,"-20 degC",NA,NA,"Tunicates","Gelatinous"
"690","in2020_v08",38,6,"Salpa thompsoni - solitary juv",NA,30,16,"8","banded","-20 degC",NA,NA,"Tunicates","Gelatinous"
"691","in2020_v08",38,10,"Spongiobranchaea australis",NA,0.5,5,"Spongiobranchaea","australis","-20 degC",NA,NA,"Gymnosome","other"
"692","in2020_v08",38,30,"Salpa thompsoni - aggregate",NA,227,NA,"subsample","#26","-20 degC",NA,NA,"Tunicates","Gelatinous"
"693","in2020_v08",39,1,"Salpa thompsoni - aggregate",NA,445,1995,"Total","weight","-20 degC",NA,NA,"Tunicates","Gelatinous"
"694","in2020_v08",39,3,"Salpa thompsoni - solitary juv",NA,72,49,"8","banded","-20 degC",NA,NA,"Tunicates","Gelatinous"
"695","in2020_v08",39,6,"Salpa thompsoni - aggregate",NA,302,36,NA,NA,"-20 degC",NA,NA,"Tunicates","Gelatinous"
"696","in2020_v08",39,7,"Spongiobranchaea australis",NA,3,11,"Spongiobranchaea","australis","-20 degC",NA,NA,"Gymnosome","other"
"697","in2020_v08",39,16,"Hydromedusa",NA,18,4,NA,NA,"-20 degC",NA,NA,"Medusa","Gelatinous"
"698","in2020_v08",39,18,"Salpa thompsoni - solitary",NA,15,6,"slimy",NA,"-20 degC",NA,NA,"Tunicates","Gelatinous"
"699","in2020_v08",40,2,"Salpa thompsoni - aggregate",NA,1245,557,"aggregate",NA,"-20 degC",NA,NA,"Tunicates","Gelatinous"
"700","in2020_v08",40,9,"Salpa thompsoni - solitary juv",NA,19,38,"8","banded","-20 degC",NA,NA,"Tunicates","Gelatinous"
"701","in2020_v08",40,18,"Salpa thompsoni - solitary",NA,138,15,"Solitary",NA,"-20 degC",NA,NA,"Tunicates","Gelatinous"
"702","in2020_v08",41,4,"Hydromedusa",NA,12,23,"burgundy",NA,"-20 degC",NA,"Plastic Bag","Medusa","Gelatinous"
"703","in2020_v08",41,12,"Hydromedusa",NA,2,26,"orange","small","-20 degC",NA,"Plastic Bag","Medusa","Gelatinous"
"704","in2020_v08",41,22,"Salpa thompsoni - solitary juv",NA,20,14,"8-banded","salp","-20 degC",NA,"Plastic Bag","Tunicates","Gelatinous"
"705","in2020_v08",41,25,"Salpa thompsoni - aggregate",NA,120,50,NA,NA,"-20 degC",NA,"Plastic Bag","Tunicates","Gelatinous"
"706","in2020_v08",41,28,"Spongiobranchaea australis",NA,0.5,17,"<","1","-20 degC",NA,"Plastic Bag","Gymnosome","other"
"707","in2020_v08",42,17,"Salpa thompsoni - aggregate",NA,250,55,"aggregate",NA,"-20 degC",NA,"Plastic Bag","Tunicates","Gelatinous"
"708","in2020_v08",42,25,"Spongiobranchaea australis",NA,0.5,8,NA,NA,"-20 degC",NA,"Plastic Bag","Gymnosome","other"
"709","in2020_v08",42,29,"Salpa thompsoni - solitary",NA,65,2,NA,NA,"-20 degC",NA,"Plastic Bag","Tunicates","Gelatinous"
"710","in2020_v08",42,39,"Salpa thompsoni - solitary juv",NA,3,6,NA,NA,"-20 degC",NA,"Plastic Bag","Tunicates","Gelatinous"
"711","in2020_v08",42,52,"Hydromedusa",NA,11,13,"burgandy",NA,"-20 degC",NA,"Plastic Bag","Medusa","Gelatinous"
"712","in2020_v08",43,2,"Salpa thompsoni - solitary",NA,11,1,NA,NA,"-20 degC",NA,"Plastic Bag","Tunicates","Gelatinous"
"713","in2020_v08",43,3,"Salpa thompsoni - aggregate",NA,118,39,"Salpa","Thompsoni","-20 degC",NA,"Plastic Bag","Tunicates","Gelatinous"
"714","in2020_v08",44,2,"Spongiobranchaea australis",NA,1,10,NA,NA,"-20 degC",NA,"Plastic Bag","Gymnosome","other"
"715","in2020_v08",44,4,"Hydromedusa",NA,10,6,NA,NA,"-20 degC",NA,"Plastic Bag","Medusa","Gelatinous"
"716","in2020_v08",44,13,"Salpa thompsoni - aggregate",NA,369,197,"Aggregate","form.","-20 degC",NA,"Plastic Bag","Tunicates","Gelatinous"
"717","in2020_v08",44,14,"Salpa thompsoni - solitary",NA,169,107,"this","is","-20 degC",NA,"Plastic Bag","Tunicates","Gelatinous"
"718","in2020_v08",44,16,"Salpa thompsoni - solitary juv",NA,88,87,"solitary","form.","-20 degC",NA,"Plastic Bag","Tunicates","Gelatinous"
"719","in2020_v08",45,6,"Salpa thompsoni - solitary",NA,97,8,NA,NA,"-20 degC",NA,"Plastic Bag","Tunicates","Gelatinous"
"720","in2020_v08",45,8,"Salpa thompsoni - aggregate",NA,450,149,"aggregate","form","-20 degC",NA,"Plastic Bag","Tunicates","Gelatinous"
"721","in2020_v08",45,9,"Salpa thompsoni - solitary juv",NA,27,24,"solitary","form","-20 degC",NA,"Plastic Bag","Tunicates","Gelatinous"
"722","in2020_v08",45,22,"Hydromedusa",NA,20,9,"clear","medusa","-20 degC",NA,"Plastic Bag","Medusa","Gelatinous"
"723","in2020_v08",46,18,"Hydromedusa",NA,15,22,"burgundy","medusa,","-20 degC",NA,"Plastic Bag","Medusa","Gelatinous"
"724","in2020_v08",46,38,"Salpa thompsoni - solitary juv",NA,15,22,"8","Banded","-20 degC",NA,"Plastic Bag","Tunicates","Gelatinous"
"725","in2020_v08",46,40,"Salpa thompsoni - solitary",NA,15,1,"Previously","thetys","-20 degC",NA,"Plastic Bag","Tunicates","Gelatinous"
"726","in2020_v08",46,48,"Salpa thompsoni - aggregate",NA,770,245,"Salpa","Thompsoni","-20 degC",NA,"Plastic Bag","Tunicates","Gelatinous"
"727","in2020_v08",47,15,"Salpa thompsoni - aggregate",NA,70,37,NA,NA,"-20 degC",NA,"Plastic Bag","Tunicates","Gelatinous"
"728","in2020_v08",47,21,"Salpa thompsoni - solitary",NA,18,4,NA,NA,"-20 degC",NA,"Plastic Bag","Tunicates","Gelatinous"
"729","in2020_v08",47,25,"Hydromedusa",NA,10,5,"burgandy",NA,"-20 degC",NA,"Plastic Bag","Medusa","Gelatinous"
"730","in2020_v08",48,3,"Salpa thompsoni - aggregate",NA,240,50,"total","weight","-20 degC",NA,"Plastic Bag","Tunicates","Gelatinous"
"731","in2020_v08",49,29,"Hydromedusa",NA,210,102,"clear","medusa","-20 degC",NA,NA,"Medusa","Gelatinous"
"732","in2020_v08",52,8,"Salpa thompsoni - aggregate",NA,102,54,"aggregate","form","-20 degC",NA,"Plastic Bag","Tunicates","Gelatinous"
"733","in2020_v08",52,9,"Salpa thompsoni - solitary",NA,52,6,NA,NA,"-20 degC",NA,"Plastic Bag","Tunicates","Gelatinous"
"734","in2020_v08",52,12,"Hydromedusa",NA,1,9,"orange",NA,"-20 degC",NA,"Plastic Bag","Medusa","Gelatinous"
"735","in2020_v08",52,24,"Spongiobranchaea australis",NA,0.5,9,"<","1","-20 degC",NA,"Plastic Bag","Gymnosome","other"
